time,tavg,tmin,tmax,prcp,snow,wdir,wspd,pres,willRain
2017-09-15,15.9,10.0,20.6,0.0,0.0,313.1,24.1,1012.6,0.0
2017-09-17,15.4,10.0,26.1,0.0,0.0,148.0,14.8,1012.9,0.0
2017-09-24,9.9,2.2,19.4,0.0,0.0,308.8,12.6,1016.4,0.0
2017-09-30,17.2,10.0,19.4,0.8,0.0,282.3,16.6,1012.9,1.0
2017-10-01,10.9,4.4,16.1,0.0,0.0,277.5,12.2,1015.1,0.0
2017-10-02,7.2,1.1,15.6,0.0,0.0,282.1,7.6,1015.6,0.0
2017-10-10,11.4,5.0,20.6,0.0,0.0,150.3,22.0,1015.4,0.0
2017-10-20,12.4,3.9,17.2,5.3,0.0,276.0,19.1,1006.2,1.0
2017-11-05,3.1,0.0,7.2,3.6,0.0,128.8,16.2,1014.1,1.0
2017-11-08,3.2,-1.0,9.4,0.0,0.0,119.2,19.4,1020.3,0.0
2017-11-15,5.3,1.7,10.0,3.3,0.0,110.4,21.6,1013.5,1.0
2017-11-18,2.3,-1.0,8.3,0.0,0.0,137.8,16.9,1029.1,0.0
2017-11-19,2.8,-2.1,9.4,0.0,0.0,98.4,10.8,1021.2,0.0
2017-11-20,6.7,3.3,9.4,2.5,0.0,114.5,19.1,1015.0,1.0
2017-11-24,11.6,3.9,12.8,6.6,0.0,279.6,10.4,1018.5,1.0
2017-11-27,10.5,-0.5,15.6,0.0,0.0,298.9,18.7,1013.4,0.0
2017-11-28,2.9,-2.1,9.4,0.0,0.0,149.8,17.3,1022.5,0.0
2017-12-15,-2.9,-3.2,-1.6,1.3,0.0,144.5,11.9,1027.8,1.0
2017-12-19,2.9,-1.6,11.1,0.0,0.0,128.7,19.8,1014.4,0.0
2018-01-23,1.5,-1.6,6.1,0.0,0.0,135.8,16.2,1025.7,0.0
2018-01-24,5.9,4.4,9.4,0.0,0.0,143.3,21.6,1014.2,0.0
2018-01-27,2.5,1.1,5.0,0.5,0.0,125.3,18.0,1026.7,1.0
2018-01-30,10.0,2.8,15.0,0.0,0.0,106.9,19.8,1016.8,0.0
2018-02-07,6.4,0.6,14.4,0.0,0.0,112.4,11.2,1029.8,0.0
2018-02-12,1.2,-3.8,7.8,0.0,0.0,292.0,12.6,1014.6,0.0
2018-02-17,3.2,-0.5,11.7,0.0,0.0,130.4,19.8,1015.2,0.0
2018-02-25,-3.5,-10.5,2.2,0.3,100.0,131.6,17.6,1020.2,1.0
2018-02-26,0.9,-5.5,3.9,0.0,80.0,298.5,19.8,1014.0,0.0
2018-02-28,-2.1,-4.9,3.9,0.0,50.0,130.8,22.0,1019.1,0.0
2018-03-01,2.9,0.0,8.3,2.3,30.0,125.0,33.1,1008.5,1.0
2018-03-06,2.9,-2.1,10.6,0.0,0.0,127.1,18.4,1027.1,0.0
2018-03-07,3.4,-3.2,13.3,0.0,0.0,137.5,12.2,1022.5,0.0
2018-03-12,8.7,2.8,17.2,0.0,0.0,138.1,14.4,1022.5,0.0
2018-03-13,10.7,3.3,20.6,2.5,0.0,147.7,28.4,1012.5,1.0
2018-03-14,10.6,3.3,12.8,13.7,0.0,107.9,10.8,1007.5,1.0
2018-03-16,5.1,2.2,9.4,0.3,0.0,125.6,21.2,1007.9,1.0
2018-03-19,5.2,0.6,11.7,0.0,0.0,130.8,11.2,1021.3,0.0
2018-03-21,9.9,5.6,16.7,3.8,0.0,130.4,27.0,1010.2,1.0
2018-03-22,11.8,5.0,15.0,10.9,0.0,120.7,20.5,1005.6,1.0
2018-03-28,9.2,3.3,15.0,0.0,0.0,289.7,16.9,1022.3,0.0
2018-04-02,8.2,-1.0,12.8,0.8,0.0,319.8,27.4,1011.0,1.0
2018-04-03,3.7,-1.6,11.7,0.0,0.0,142.9,17.6,1020.4,0.0
2018-04-07,12.7,10.0,18.3,7.1,0.0,127.7,23.0,1004.2,1.0
2018-04-12,9.1,0.6,11.1,4.8,0.0,304.7,23.8,1009.1,1.0
2018-04-15,13.3,7.8,20.6,0.0,0.0,147.5,18.0,1007.5,0.0
2018-04-19,12.3,5.6,20.0,0.0,0.0,315.9,18.4,1012.4,0.0
2018-04-22,12.2,4.4,18.3,0.0,0.0,298.8,19.1,1018.3,0.0
2018-04-23,10.8,2.8,18.3,0.0,0.0,304.6,18.7,1021.7,0.0
2018-04-27,19.5,10.0,32.2,0.0,0.0,84.3,15.5,1007.0,0.0
2018-04-29,11.3,6.1,15.6,0.0,0.0,313.4,16.9,1010.9,0.0
2018-04-30,9.3,3.3,16.7,0.5,0.0,315.9,18.4,1013.3,1.0
2018-05-01,10.1,3.3,18.3,0.0,0.0,279.1,14.4,1010.5,0.0
2018-05-10,16.0,8.9,20.6,0.0,0.0,314.9,17.3,1011.6,0.0
2018-05-15,19.0,13.3,25.6,4.8,0.0,126.8,15.8,1011.8,1.0
2018-06-03,23.1,14.4,33.3,0.0,0.0,134.9,15.5,1012.8,0.0
2018-06-05,20.6,11.7,28.3,0.0,0.0,318.5,11.9,1009.5,0.0
2018-06-14,21.0,12.2,24.4,0.0,0.0,326.3,19.8,1009.5,0.0
2018-06-17,15.3,10.6,17.2,3.3,0.0,252.8,12.6,1008.7,1.0
2018-06-23,22.6,15.0,26.7,0.0,0.0,300.0,21.6,1012.0,0.0
2018-06-25,26.0,18.3,34.4,0.0,0.0,51.0,19.8,1008.3,0.0
2018-06-26,21.9,13.3,28.3,0.0,0.0,310.8,17.6,1013.8,0.0
2018-06-28,23.8,16.1,27.8,0.0,0.0,311.0,22.7,1007.1,0.0
2018-06-29,19.6,12.2,26.1,0.0,0.0,308.8,17.3,1014.6,0.0
2018-07-03,18.1,10.0,23.9,0.0,0.0,264.0,16.9,1014.5,0.0
2018-07-14,28.8,18.9,37.8,0.0,0.0,268.9,13.7,1012.8,0.0
2018-07-21,25.8,15.0,36.1,0.0,0.0,293.1,10.8,1011.3,0.0
2018-07-22,25.6,15.6,33.9,0.0,0.0,288.6,12.2,1017.1,0.0
2018-07-23,27.2,16.1,37.8,0.0,0.0,205.2,8.3,1016.0,0.0
2018-07-24,30.6,21.7,38.9,0.0,0.0,223.1,11.2,1013.8,0.0
2018-07-25,30.4,20.6,38.3,0.0,0.0,260.8,11.2,1014.9,0.0
2018-07-27,28.7,18.9,37.8,0.0,0.0,221.5,11.2,1011.3,0.0
2018-07-29,28.1,17.2,36.7,0.0,0.0,237.2,8.3,1014.2,0.0
2018-07-30,29.2,21.1,37.8,0.0,0.0,159.5,10.1,1014.2,0.0
2018-07-31,30.3,24.4,36.7,0.0,0.0,150.8,10.8,1010.8,0.0
2018-08-01,29.8,21.7,37.8,0.0,0.0,213.6,11.2,1009.3,0.0
2018-08-02,28.0,18.9,35.6,0.0,0.0,282.1,9.7,1009.0,0.0
2018-08-03,25.2,16.1,31.1,0.0,0.0,307.0,13.7,1010.9,0.0
2018-08-04,22.9,13.3,30.6,0.0,0.0,277.7,10.4,1011.3,0.0
2018-08-06,25.4,17.2,33.9,0.0,0.0,212.2,10.4,1015.6,0.0
2018-08-08,28.7,19.4,38.9,0.0,0.0,168.4,10.4,1012.1,0.0
2018-08-09,30.4,20.6,41.1,0.0,0.0,163.5,9.0,1012.2,0.0
2018-08-10,32.6,23.9,43.3,0.0,0.0,151.2,11.2,1009.6,0.0
2018-08-11,31.1,21.7,40.0,0.0,0.0,12.5,9.0,1008.7,0.0
2018-08-12,25.7,17.2,31.1,0.0,0.0,305.0,15.1,1013.3,0.0
2018-08-13,23.4,13.9,34.4,0.0,0.0,266.9,11.2,1012.4,0.0
2018-08-14,24.7,15.0,35.0,0.0,0.0,242.9,8.6,1010.9,0.0
2018-08-15,26.4,17.2,36.7,0.0,0.0,221.8,10.8,1010.0,0.0
2018-08-16,28.6,21.7,37.2,0.0,0.0,212.2,10.8,1012.2,0.0
2018-08-17,28.4,22.2,34.4,0.0,0.0,23.3,11.2,1014.6,0.0
2018-08-18,25.2,15.6,32.8,0.0,0.0,279.1,10.4,1017.1,0.0
2018-08-19,25.9,18.3,36.1,0.0,0.0,156.5,15.1,1013.2,0.0
2018-08-20,25.4,16.7,32.2,0.0,0.0,268.8,14.8,1009.5,0.0
2018-08-21,20.8,12.8,27.2,0.0,0.0,263.4,9.0,1014.6,0.0
2018-08-22,21.9,15.0,30.0,0.0,0.0,145.5,7.6,1013.2,0.0
2018-08-23,23.2,15.0,31.7,0.0,0.0,114.2,8.6,1011.5,0.0
2018-08-24,22.9,15.0,28.9,0.0,0.0,295.4,10.8,1009.7,0.0
2018-08-25,20.3,11.1,30.0,0.0,0.0,284.7,10.1,1011.1,0.0
2018-08-26,21.1,13.3,23.3,0.0,0.0,314.5,12.6,1010.8,0.0
2018-08-27,17.9,11.1,22.8,0.3,0.0,301.6,14.8,1012.4,1.0
2018-08-28,16.2,7.8,25.6,0.0,0.0,213.9,7.9,1017.7,0.0
2018-08-29,20.1,12.2,31.1,0.0,0.0,112.9,9.4,1012.8,0.0
2018-08-30,24.2,16.7,30.6,0.0,0.0,1.5,14.0,1009.3,0.0
2018-08-31,21.4,14.4,26.7,0.0,0.0,299.6,13.0,1013.5,0.0
2018-09-01,19.1,11.1,27.8,0.0,0.0,255.5,11.5,1013.4,0.0
2018-09-02,20.3,12.2,29.4,0.0,0.0,234.1,10.1,1013.3,0.0
2018-09-03,21.5,12.8,31.7,0.0,0.0,272.3,11.2,1012.3,0.0
2018-09-04,21.4,12.2,31.1,0.0,0.0,245.1,8.6,1012.5,0.0
2018-09-05,23.8,13.3,35.6,0.0,0.0,132.5,10.1,1012.7,0.0
2018-09-06,26.3,18.3,35.0,0.0,0.0,146.7,13.0,1013.7,0.0
2018-09-07,25.9,16.1,32.2,0.0,0.0,67.5,6.8,1014.2,0.0
2018-09-08,24.3,17.2,29.4,0.0,0.0,289.8,13.3,1011.5,0.0
2018-09-09,20.5,11.1,28.9,0.0,0.0,209.5,9.0,1012.4,0.0
2018-09-10,20.9,11.7,28.3,0.0,0.0,347.7,11.2,1010.1,0.0
2018-09-11,17.9,10.6,22.8,0.0,0.0,297.2,13.3,1010.0,0.0
2018-09-12,15.8,8.9,21.7,0.0,0.0,300.9,12.6,1009.3,0.0
2018-09-13,16.8,11.7,22.8,0.0,0.0,238.0,10.1,1011.2,0.0
2018-09-14,17.7,9.4,28.3,0.0,0.0,114.7,10.4,1012.1,0.0
2018-09-15,18.8,14.4,25.0,0.0,0.0,137.2,11.2,1008.2,0.0
2018-09-16,17.8,10.0,24.4,0.0,0.0,8.4,11.2,1012.3,0.0
2018-09-17,16.2,8.3,25.6,0.0,0.0,224.3,7.2,1013.5,0.0
2018-09-18,15.5,6.7,26.1,0.0,0.0,276.0,7.2,1011.1,0.0
2018-09-19,16.3,7.2,23.3,0.0,0.0,287.3,9.4,1011.3,0.0
2018-09-20,15.0,6.7,22.8,0.0,0.0,287.1,11.2,1016.8,0.0
2018-09-21,16.9,9.4,28.3,0.0,0.0,128.1,9.4,1016.7,0.0
2018-09-22,21.1,12.8,28.3,0.0,0.0,6.1,10.4,1011.8,0.0
2018-09-23,17.1,8.9,21.1,0.0,0.0,310.1,13.7,1013.2,0.0
2018-09-24,12.2,3.3,20.6,0.0,0.0,280.3,13.3,1018.0,0.0
2018-09-25,13.4,5.0,20.6,0.0,0.0,182.7,7.6,1022.9,0.0
2018-09-26,14.2,6.7,23.9,0.0,0.0,110.9,10.1,1022.3,0.0
2018-09-27,17.1,8.9,27.8,0.0,0.0,89.9,8.3,1016.1,0.0
2018-09-28,19.1,11.1,26.7,0.0,0.0,146.0,9.0,1009.7,0.0
2018-09-29,18.2,11.1,27.2,0.0,0.0,182.2,6.1,1005.1,0.0
2018-09-30,18.6,12.8,22.2,0.0,0.0,147.7,10.1,1008.7,0.0
2018-10-01,15.7,10.6,21.7,0.0,0.0,121.9,13.0,1011.6,0.0
2018-10-02,17.9,13.9,23.9,0.0,0.0,102.5,7.9,1008.0,0.0
2018-10-03,17.7,11.7,22.8,0.3,0.0,290.0,9.4,1010.6,1.0
2018-10-04,13.7,6.1,15.6,8.4,0.0,332.8,10.8,1010.8,1.0
2018-10-05,8.8,3.9,16.7,0.3,0.0,99.1,7.2,1017.8,1.0
2018-10-06,11.3,7.8,14.4,2.0,0.0,267.3,13.7,1013.1,1.0
2018-10-07,9.9,3.9,16.7,0.0,0.0,308.8,19.4,1016.5,0.0
2018-10-08,9.4,2.2,16.1,0.0,0.0,277.9,7.9,1013.9,0.0
2018-10-09,10.5,6.1,12.2,24.1,0.0,168.5,14.8,1008.7,1.0
2018-10-10,7.7,3.3,12.2,0.0,0.0,306.2,5.4,1013.5,0.0
2018-10-12,8.9,3.3,17.2,0.0,0.0,103.3,7.9,1019.1,0.0
2018-10-13,9.6,2.2,15.6,0.0,0.0,301.7,20.5,1016.1,0.0
2018-10-14,6.4,-2.1,12.2,0.0,0.0,225.7,8.6,1028.1,0.0
2018-10-15,5.9,0.0,13.9,0.0,0.0,157.6,9.7,1030.5,0.0
2018-10-16,8.7,3.3,17.2,0.0,0.0,149.0,8.6,1028.5,0.0
2018-10-17,10.1,2.8,18.3,0.0,0.0,165.4,6.1,1025.3,0.0
2018-10-18,11.2,5.6,19.4,0.0,0.0,136.7,9.4,1022.6,0.0
2018-10-19,12.6,5.0,20.6,0.0,0.0,153.1,8.6,1026.1,0.0
2018-10-20,13.1,6.1,22.2,0.0,0.0,145.8,8.3,1023.2,0.0
2018-10-21,12.9,6.7,20.6,0.0,0.0,162.0,5.8,1017.1,0.0
2018-10-22,13.8,8.3,22.8,0.0,0.0,137.0,9.7,1014.9,0.0
2018-10-23,15.9,10.0,20.6,0.0,0.0,136.7,13.7,1014.3,0.0
2018-10-24,14.6,8.9,19.4,0.0,0.0,118.1,11.2,1015.7,0.0
2018-10-25,12.2,5.0,17.8,0.0,0.0,88.8,6.1,1021.6,0.0
2018-10-26,15.1,10.6,21.7,0.3,0.0,91.3,7.9,1019.6,1.0
2018-10-27,13.2,6.7,19.4,0.0,0.0,92.3,7.6,1017.7,0.0
2018-10-28,14.4,9.4,19.4,0.0,0.0,105.1,13.7,1013.8,0.0
2018-10-29,10.3,4.4,13.9,0.3,0.0,311.7,9.4,1019.8,1.0
2018-10-30,6.0,0.0,12.2,0.0,0.0,310.9,9.0,1025.3,0.0
2018-10-31,6.2,2.8,9.4,0.3,0.0,127.9,9.4,1023.5,1.0
2018-11-01,8.9,5.6,15.6,0.0,0.0,328.8,4.3,1022.7,0.0
2018-11-02,10.6,6.1,15.6,0.5,0.0,35.9,11.9,1019.6,1.0
2018-11-03,8.0,1.1,12.8,0.0,0.0,338.0,9.4,1024.5,0.0
2018-11-04,10.6,5.6,15.6,0.3,0.0,134.4,12.6,1014.6,1.0
2018-11-05,6.6,-0.5,11.7,0.0,0.0,315.0,6.5,1017.4,0.0
2018-11-06,5.6,1.1,11.1,0.0,0.0,64.6,9.0,1021.1,0.0
2018-11-07,3.4,-1.0,9.4,0.0,0.0,288.3,10.1,1024.3,0.0
2018-11-09,1.6,-3.8,9.4,0.0,0.0,137.8,10.8,1029.1,0.0
2018-11-10,2.9,-3.2,10.6,0.0,0.0,292.9,14.8,1022.5,0.0
2018-11-11,0.8,-6.6,6.7,0.0,0.0,227.6,10.1,1030.8,0.0
2018-11-12,1.1,-3.2,8.3,0.0,0.0,141.3,10.4,1038.2,0.0
2018-11-13,1.8,-3.8,10.0,0.0,0.0,144.2,4.7,1037.9,0.0
2018-11-14,2.1,-3.8,8.9,0.0,0.0,180.8,5.8,1032.6,0.0
2018-11-15,2.8,-2.1,11.7,0.0,0.0,178.4,4.7,1028.0,0.0
2018-11-16,3.7,-2.1,11.7,0.0,0.0,292.7,7.6,1021.8,0.0
2018-11-17,5.1,-1.6,9.4,0.0,0.0,238.4,6.1,1024.1,0.0
2018-11-18,2.1,-3.8,8.9,0.0,0.0,157.7,7.9,1027.6,0.0
2018-11-19,1.0,-4.3,7.8,0.0,0.0,151.3,7.6,1028.5,0.0
2018-11-20,1.3,-3.8,8.3,0.0,0.0,155.2,6.5,1024.5,0.0
2018-11-21,0.7,-4.3,6.1,0.0,0.0,140.5,6.5,1019.8,0.0
2018-11-22,5.3,0.6,13.3,1.8,0.0,130.9,16.2,1012.2,1.0
2018-11-23,4.8,0.6,7.2,4.6,0.0,124.9,17.3,1011.1,1.0
2018-11-24,4.6,-1.6,7.2,0.5,0.0,311.0,13.7,1017.3,1.0
2018-11-25,1.6,-2.7,7.8,0.0,0.0,134.7,10.1,1027.8,0.0
2018-11-26,1.0,-3.2,6.7,0.0,0.0,138.4,6.8,1028.4,0.0
2018-11-27,4.2,1.1,8.3,3.3,0.0,122.9,16.2,1018.1,1.0
2018-11-28,4.3,0.6,8.9,0.3,0.0,114.5,4.3,1011.9,1.0
2018-11-29,2.1,-1.0,4.4,0.0,0.0,151.0,6.5,1005.3,0.0
2018-11-30,3.1,0.6,5.6,9.1,0.0,298.5,9.0,1007.7,1.0
2018-12-01,2.2,0.0,4.4,7.6,0.0,144.3,14.8,1009.7,1.0
2018-12-02,0.6,-2.1,1.1,9.9,30.0,273.6,8.6,1017.4,1.0
2018-12-03,-0.9,-5.5,3.3,0.0,80.0,138.4,3.6,1027.3,0.0
2018-12-04,-4.1,-8.2,0.0,0.0,50.0,142.0,9.7,1031.7,0.0
2018-12-05,-6.9,-10.5,-2.7,0.0,50.0,162.1,9.4,1026.2,0.0
2018-12-06,-7.9,-11.6,-2.7,0.0,50.0,159.5,8.6,1028.1,0.0
2018-12-07,-6.3,-9.9,-1.6,0.0,50.0,155.9,5.4,1029.6,0.0
2018-12-08,-4.9,-8.2,-1.0,0.0,50.0,116.1,1.8,1034.1,0.0
2018-12-09,-1.0,-2.1,2.8,0.0,50.0,152.1,20.2,1033.1,0.0
2018-12-10,-0.7,-3.8,1.1,0.0,30.0,151.0,6.1,1027.8,0.0
2018-12-11,0.0,-1.0,3.9,0.0,30.0,129.7,13.7,1025.5,0.0
2018-12-12,2.6,-2.1,5.0,1.5,30.0,333.2,14.8,1023.4,1.0
2018-12-13,-0.1,-3.2,3.3,0.0,30.0,135.5,17.3,1031.1,0.0
2018-12-14,0.2,-3.2,6.7,0.3,0.0,137.5,24.8,1023.4,1.0
2018-12-15,2.9,0.0,5.6,0.0,0.0,122.2,15.8,1022.0,0.0
2018-12-16,3.8,0.0,9.4,0.0,0.0,136.9,16.2,1019.9,0.0
2018-12-17,5.4,2.8,10.0,3.6,0.0,147.2,10.4,1019.0,1.0
2018-12-18,4.8,3.3,7.2,3.8,0.0,130.9,12.6,1019.4,1.0
2018-12-19,5.6,1.1,10.0,0.0,0.0,52.1,6.8,1027.1,0.0
2018-12-20,4.5,-0.5,10.6,0.0,0.0,132.3,15.1,1019.3,0.0
2018-12-21,4.4,-1.6,5.0,0.3,0.0,311.4,11.9,1019.2,1.0
2018-12-22,-0.9,-5.5,3.3,0.0,0.0,137.2,8.6,1027.5,0.0
2018-12-23,1.3,0.0,3.3,1.3,0.0,126.9,15.5,1023.1,1.0
2018-12-24,3.1,1.7,6.7,3.6,0.0,126.4,9.7,1018.1,1.0
2018-12-25,2.4,-2.1,6.7,0.0,0.0,302.4,15.1,1016.4,0.0
2018-12-26,-1.0,-5.5,3.9,0.8,0.0,256.7,6.5,1022.0,1.0
2018-12-27,-0.2,-2.7,2.8,0.3,0.0,301.2,16.9,1020.9,1.0
2018-12-28,-2.1,-4.9,1.1,0.0,0.0,312.9,12.2,1027.6,0.0
2018-12-29,-1.1,-2.1,2.2,0.8,0.0,123.0,11.2,1027.7,1.0
2018-12-30,1.6,-1.0,5.0,2.0,0.0,318.9,17.3,1018.0,1.0
2018-12-31,-0.5,-7.1,2.8,0.0,0.0,316.8,17.3,1024.5,0.0
2019-01-01,-5.2,-9.9,-1.0,0.0,0.0,145.1,10.1,1030.5,0.0
2019-01-02,-4.7,-7.7,0.0,0.0,0.0,142.0,14.8,1031.7,0.0
2019-01-03,-3.5,-7.7,3.3,0.0,0.0,130.0,8.3,1028.4,0.0
2019-01-04,-0.7,-4.9,3.3,0.0,0.0,143.8,5.8,1021.0,0.0
2019-01-05,-1.7,-4.9,7.8,0.0,0.0,138.6,10.8,1011.0,0.0
2019-01-06,5.3,1.7,8.3,0.0,0.0,135.7,16.2,1005.5,0.0
2019-01-07,2.8,-1.6,5.0,0.5,0.0,328.5,10.4,1018.3,1.0
2019-01-08,0.8,-2.7,7.8,0.0,0.0,137.5,17.3,1025.9,0.0
2019-01-09,5.1,2.2,10.0,0.0,0.0,142.1,18.0,1017.3,0.0
2019-01-10,6.4,0.6,11.1,0.3,0.0,138.5,9.4,1021.9,1.0
2019-01-11,3.2,-2.7,8.9,0.0,0.0,138.6,12.2,1024.4,0.0
2019-01-12,0.8,-4.3,5.6,0.0,0.0,152.7,10.1,1025.8,0.0
2019-01-13,-1.6,-5.5,2.8,0.0,0.0,171.6,7.9,1028.7,0.0
2019-01-14,-3.3,-7.1,2.2,0.0,0.0,158.2,7.2,1027.4,0.0
2019-01-15,-2.1,-4.3,3.9,1.8,0.0,145.2,2.9,1020.4,1.0
2019-01-16,-0.1,-4.9,7.2,2.5,0.0,144.5,9.4,1016.0,1.0
2019-01-17,7.2,3.9,11.1,0.3,0.0,138.6,20.5,1008.6,1.0
2019-01-18,5.6,2.8,7.2,1.3,0.0,9.1,11.2,1023.8,1.0
2019-01-19,4.3,1.7,6.7,19.1,0.0,130.8,19.4,1025.0,1.0
2019-01-20,6.3,2.2,12.2,1.5,0.0,135.4,10.8,1011.8,1.0
2019-01-21,3.3,-2.1,5.6,0.0,0.0,313.8,25.2,1015.7,0.0
2019-01-22,-0.8,-4.9,3.9,0.0,0.0,270.4,7.9,1032.0,0.0
2019-01-23,1.8,-1.0,6.1,0.3,0.0,112.9,10.8,1026.4,1.0
2019-01-24,2.2,-1.6,8.3,0.0,0.0,306.7,7.6,1030.1,0.0
2019-01-25,2.2,-2.7,8.3,0.0,0.0,263.1,8.3,1029.1,0.0
2019-01-26,1.9,-3.8,10.6,0.0,0.0,85.5,5.4,1033.3,0.0
2019-01-27,3.9,-0.5,9.4,0.0,0.0,350.7,10.4,1026.5,0.0
2019-01-28,1.4,-4.3,7.2,0.0,0.0,187.9,9.7,1027.7,0.0
2019-01-29,-0.1,-4.9,6.1,0.0,0.0,144.9,6.8,1024.4,0.0
2019-01-30,-0.3,-5.5,6.1,0.0,0.0,144.1,5.8,1020.5,0.0
2019-01-31,0.6,-3.2,8.9,0.0,0.0,139.7,8.6,1019.3,0.0
2019-02-01,2.3,-3.2,13.9,0.0,0.0,134.7,6.5,1012.9,0.0
2019-02-02,4.8,2.2,10.0,12.2,0.0,122.8,10.1,1003.4,1.0
2019-02-03,6.3,3.9,10.0,11.2,0.0,138.1,12.2,996.9,1.0
2019-02-04,6.2,1.1,8.3,2.8,0.0,132.6,19.4,994.6,1.0
2019-02-05,1.3,-2.1,3.3,3.3,30.0,284.2,13.7,1003.8,1.0
2019-02-06,-1.4,-6.6,0.6,0.0,0.0,299.9,20.5,1015.8,0.0
2019-02-07,-5.6,-10.5,0.0,0.0,0.0,162.2,7.2,1029.0,0.0
2019-02-08,-4.1,-7.1,1.7,0.0,0.0,134.6,17.3,1021.9,0.0
2019-02-09,-0.4,-1.6,2.8,0.3,0.0,127.1,27.4,1007.0,1.0
2019-02-10,0.4,-2.1,3.3,1.5,30.0,206.7,11.2,1007.4,1.0
2019-02-11,-1.4,-3.8,1.7,0.3,0.0,123.8,23.0,1015.5,1.0
2019-02-12,0.9,-1.6,5.0,0.0,0.0,127.0,19.8,1017.1,0.0
2019-02-13,2.7,1.7,2.8,13.7,0.0,132.7,19.4,1005.0,1.0
2019-02-14,5.1,2.2,11.7,10.2,0.0,131.2,23.8,996.9,1.0
2019-02-15,5.1,0.0,6.1,0.0,0.0,147.5,12.2,1004.8,0.0
2019-02-16,1.4,-0.5,5.0,0.8,0.0,136.3,12.2,1010.9,1.0
2019-02-17,0.4,-2.1,2.8,0.3,0.0,247.1,8.3,1015.4,1.0
2019-02-18,-1.8,-6.0,1.7,0.0,0.0,298.7,14.0,1021.9,0.0
2019-02-19,-3.4,-8.2,0.0,0.8,0.0,289.9,9.4,1021.1,1.0
2019-02-20,-1.6,-5.5,1.7,5.6,50.0,141.7,10.1,1008.7,1.0
2019-02-22,-4.9,-12.1,1.7,0.0,80.0,157.4,7.6,1020.1,0.0
2019-02-23,-0.8,-2.1,2.8,0.0,50.0,117.2,18.0,1020.5,0.0
2019-02-24,2.2,0.6,6.1,3.3,30.0,124.6,21.2,1014.7,1.0
2019-02-25,4.8,3.3,10.0,2.0,0.0,130.5,21.6,1006.2,1.0
2019-02-26,4.1,-1.6,8.9,9.9,0.0,270.2,13.0,1011.3,1.0
2019-02-27,1.4,-0.5,10.6,10.2,50.0,138.2,11.2,1011.8,1.0
2019-02-28,5.4,-1.0,7.8,4.3,0.0,291.3,12.2,1014.5,1.0
2019-03-01,1.8,-2.7,7.8,0.0,0.0,162.4,11.9,1018.9,0.0
2019-03-02,0.9,-4.3,6.1,0.0,0.0,191.1,7.2,1018.2,0.0
2019-03-03,0.3,-4.9,6.7,0.0,0.0,161.2,5.4,1020.4,0.0
2019-03-04,2.3,-2.1,8.9,0.0,0.0,145.8,15.5,1020.9,0.0
2019-03-05,3.2,-2.1,10.6,1.8,0.0,163.7,20.5,1017.0,1.0
2019-03-06,5.6,1.7,11.7,2.0,0.0,131.4,15.5,1005.2,1.0
2019-03-07,7.4,1.7,8.9,0.0,0.0,309.1,12.6,1010.2,0.0
2019-03-08,2.4,-2.1,7.2,0.0,0.0,304.0,13.3,1010.4,0.0
2019-03-09,0.5,-4.3,4.4,0.0,0.0,145.4,11.2,1015.0,0.0
2019-03-11,2.6,-4.3,11.1,0.0,0.0,182.4,6.5,1023.1,0.0
2019-03-12,4.9,0.0,10.6,2.8,0.0,132.8,20.5,1011.1,1.0
2019-03-13,1.4,-1.6,7.2,0.0,0.0,314.6,25.9,1017.9,0.0
2019-03-14,1.4,-5.5,7.8,0.0,0.0,290.3,10.8,1030.0,0.0
2019-03-15,3.6,-2.1,12.2,0.0,0.0,113.7,6.8,1030.2,0.0
2019-03-16,6.0,-1.0,15.0,0.0,0.0,140.8,7.9,1027.5,0.0
2019-03-17,7.1,0.6,14.4,0.0,0.0,141.3,8.6,1025.4,0.0
2019-03-18,8.2,1.7,17.2,0.0,0.0,159.2,12.6,1023.2,0.0
2019-03-19,9.7,2.2,18.9,0.0,0.0,133.2,18.0,1022.7,0.0
2019-03-20,9.9,0.0,20.0,0.0,0.0,124.1,17.3,1017.4,0.0
2019-03-21,10.6,2.2,16.7,0.0,0.0,172.9,6.8,1013.8,0.0
2019-03-22,11.3,5.0,16.7,0.0,0.0,189.6,7.9,1013.3,0.0
2019-03-23,10.4,4.4,14.4,1.5,0.0,139.2,8.3,1016.2,1.0
2019-03-24,7.8,4.4,11.1,13.2,0.0,298.9,9.0,1020.1,1.0
2019-03-25,8.6,3.3,16.1,0.0,0.0,125.4,27.4,1020.1,0.0
2019-03-26,11.0,6.1,14.4,3.0,0.0,301.9,7.6,1014.9,1.0
2019-03-27,9.9,6.7,16.7,3.0,0.0,121.9,14.8,1011.4,1.0
2019-03-28,8.4,3.9,12.8,5.8,0.0,276.9,9.4,1017.6,1.0
2019-03-29,7.2,2.2,13.3,0.0,0.0,292.1,13.0,1022.7,0.0
2019-03-30,7.6,1.1,15.0,0.0,0.0,225.5,6.5,1027.0,0.0
2019-03-31,8.9,2.2,16.1,0.0,0.0,131.3,7.6,1024.2,0.0
2019-04-01,10.7,6.1,15.6,0.0,0.0,130.1,14.8,1017.2,0.0
2019-04-02,11.0,8.3,11.7,2.8,0.0,149.5,9.4,1009.8,1.0
2019-04-03,9.4,7.2,15.6,2.3,0.0,137.8,7.9,1012.4,1.0
2019-04-04,12.2,8.9,18.9,0.0,0.0,133.0,13.7,1012.2,0.0
2019-04-05,13.0,8.9,16.7,1.3,0.0,178.6,10.4,1009.8,1.0
2019-04-06,9.1,3.3,14.4,1.8,0.0,111.3,17.3,1014.2,1.0
2019-04-07,12.4,9.4,17.8,2.5,0.0,127.4,18.4,1016.9,1.0
2019-04-08,14.1,10.6,18.9,11.2,0.0,127.6,14.8,1016.0,1.0
2019-04-09,10.4,6.1,12.8,1.0,0.0,305.8,25.2,1014.4,1.0
2019-04-10,7.2,4.4,12.8,0.0,0.0,317.9,33.5,1019.8,0.0
2019-04-11,7.7,4.4,11.7,1.5,0.0,308.2,13.7,1016.7,1.0
2019-04-12,7.4,1.7,15.0,0.5,0.0,300.8,10.8,1013.0,1.0
2019-04-13,8.9,2.8,17.2,4.8,0.0,137.5,8.3,1013.9,1.0
2019-04-14,10.7,5.0,11.7,8.4,0.0,303.9,12.6,1009.9,1.0
2019-04-15,6.8,4.4,12.8,6.1,0.0,133.3,7.9,1008.6,1.0
2019-04-16,9.6,6.1,14.4,0.8,0.0,304.4,12.6,1012.0,1.0
2019-04-18,12.8,5.6,22.8,0.0,0.0,139.4,8.6,1024.6,0.0
2019-04-19,18.4,11.1,27.8,0.0,0.0,120.6,16.6,1012.5,0.0
2019-04-20,17.3,9.4,20.0,5.6,0.0,311.0,19.1,1005.9,1.0
2019-04-21,12.7,8.9,19.4,0.0,0.0,293.3,33.1,1013.3,0.0
2019-04-22,12.7,5.0,20.6,0.0,0.0,286.6,8.6,1020.8,0.0
2019-04-23,15.6,8.3,23.9,0.0,0.0,41.2,10.8,1018.6,0.0
2019-04-24,15.9,10.0,21.1,0.0,0.0,295.4,12.2,1017.0,0.0
2019-04-25,13.7,4.4,22.2,0.0,0.0,131.3,6.8,1017.2,0.0
2019-04-26,15.7,9.4,20.0,0.0,0.0,322.5,15.8,1013.3,0.0
2019-04-27,12.7,3.9,20.6,0.0,0.0,302.3,16.9,1012.9,0.0
2019-04-28,9.3,1.7,13.3,0.0,0.0,310.0,20.9,1017.2,0.0
2019-04-29,8.1,1.1,14.4,0.0,0.0,263.1,15.5,1013.9,0.0
2019-04-30,7.8,1.7,15.0,0.0,0.0,308.5,15.5,1011.9,0.0
2019-05-01,7.9,-0.5,16.1,0.0,0.0,309.6,6.5,1017.4,0.0
2019-05-02,11.3,3.3,18.9,0.0,0.0,353.5,15.1,1015.0,0.0
2019-05-03,13.1,4.4,22.8,0.0,0.0,124.4,9.4,1015.1,0.0
2019-05-04,15.5,7.8,23.9,0.0,0.0,86.1,10.8,1010.1,0.0
2019-05-05,16.9,8.9,25.0,0.0,0.0,6.5,10.1,1005.9,0.0
2019-05-06,17.2,8.3,25.6,0.0,0.0,305.0,12.6,1007.3,0.0
2019-05-07,17.1,6.7,25.6,0.0,0.0,310.9,20.5,1010.0,0.0
2019-05-08,17.2,8.9,24.4,0.0,0.0,319.8,18.0,1013.6,0.0
2019-05-09,16.0,9.4,20.0,0.0,0.0,137.7,13.0,1013.5,0.0
2019-05-10,14.7,7.8,22.2,0.0,0.0,173.2,11.9,1014.8,0.0
2019-05-11,17.4,9.4,27.2,0.0,0.0,146.5,9.7,1012.4,0.0
2019-05-12,20.4,11.7,30.0,0.0,0.0,134.4,11.2,1008.9,0.0
2019-05-13,21.3,12.2,30.6,0.0,0.0,48.8,9.4,1008.1,0.0
2019-05-14,22.4,15.0,28.9,0.0,0.0,287.5,14.0,1007.9,0.0
2019-05-15,19.7,13.3,21.7,0.0,0.0,311.9,13.0,1007.4,0.0
2019-05-16,14.1,10.0,15.0,5.1,0.0,267.6,11.2,1001.8,1.0
2019-05-17,9.6,8.3,11.1,15.2,0.0,284.1,13.3,1007.5,1.0
2019-05-18,11.1,7.8,19.4,0.0,0.0,332.3,7.9,1010.0,0.0
2019-05-19,13.5,10.0,14.4,7.1,0.0,177.7,11.2,1001.9,1.0
2019-05-20,10.7,8.9,16.7,9.9,0.0,269.1,9.0,1003.2,1.0
2019-05-21,10.9,7.2,15.6,17.0,0.0,282.7,13.3,1002.2,1.0
2019-05-22,11.6,8.3,15.6,2.0,0.0,297.1,11.5,1006.4,1.0
2019-05-23,12.7,8.9,22.2,0.0,0.0,303.1,13.3,1008.6,0.0
2019-05-24,13.9,8.3,20.0,5.3,0.0,173.0,10.8,1010.3,1.0
2019-05-25,11.9,9.4,17.8,2.5,0.0,147.2,7.9,1009.6,1.0
2019-05-26,14.4,9.4,22.8,1.5,0.0,245.1,9.7,1004.9,1.0
2019-05-27,14.2,8.9,23.3,0.8,0.0,315.0,22.3,1006.9,1.0
2019-05-28,17.8,10.6,25.0,21.1,0.0,306.8,15.5,1009.8,1.0
2019-05-29,17.3,13.3,23.9,1.0,0.0,216.6,10.1,1011.5,1.0
2019-05-30,18.1,13.3,22.8,12.4,0.0,183.6,9.4,1012.7,1.0
2019-05-31,17.7,12.8,26.7,0.0,0.0,157.3,12.6,1014.1,0.0
2019-06-01,20.3,14.4,27.8,0.0,0.0,177.8,8.6,1012.4,0.0
2019-06-02,21.2,13.9,28.9,0.0,0.0,191.7,9.4,1009.5,0.0
2019-06-03,23.5,16.7,29.4,0.0,0.0,205.7,10.1,1009.9,0.0
2019-06-04,22.0,13.9,28.9,0.0,0.0,282.2,11.9,1013.4,0.0
2019-06-05,21.6,11.7,31.1,0.0,0.0,148.3,9.0,1012.3,0.0
2019-06-06,21.9,11.1,24.4,0.0,0.0,294.5,19.1,1007.2,0.0
2019-06-07,11.6,7.2,16.7,0.0,0.0,294.8,16.9,1014.4,0.0
2019-06-08,10.7,4.4,17.8,0.0,0.0,315.4,12.2,1024.8,0.0
2019-06-09,14.6,7.2,23.9,0.0,0.0,142.2,12.2,1028.6,0.0
2019-06-10,18.7,11.1,27.8,0.0,0.0,146.5,9.0,1023.2,0.0
2019-06-11,21.6,12.8,30.0,0.0,0.0,190.3,13.3,1020.2,0.0
2019-06-12,24.1,16.1,32.8,0.8,0.0,155.2,11.2,1014.7,1.0
2019-06-13,24.2,16.1,31.7,0.0,0.0,173.5,10.1,1010.3,0.0
2019-06-14,24.0,16.1,30.6,0.0,0.0,266.2,13.0,1009.2,0.0
2019-06-15,22.2,12.8,30.0,0.0,0.0,262.6,11.9,1010.5,0.0
2019-06-16,22.5,13.3,31.1,0.0,0.0,270.3,10.8,1009.4,0.0
2019-06-17,24.0,15.0,31.7,0.0,0.0,285.1,11.5,1010.6,0.0
2019-06-18,23.7,14.4,30.6,0.0,0.0,299.7,13.0,1013.0,0.0
2019-06-19,21.7,13.3,26.7,0.0,0.0,309.2,19.1,1012.1,0.0
2019-06-20,16.1,7.8,18.3,0.3,0.0,303.9,22.7,1012.0,1.0
2019-06-21,12.9,6.7,19.4,0.0,0.0,303.1,15.8,1015.9,0.0
2019-06-22,14.6,5.6,23.9,0.0,0.0,286.8,11.2,1018.5,0.0
2019-06-23,19.3,11.7,25.6,0.0,0.0,327.2,13.7,1013.8,0.0
2019-06-24,18.6,10.0,26.1,0.0,0.0,304.9,10.8,1011.8,0.0
2019-06-25,20.7,13.9,27.8,0.0,0.0,323.6,9.4,1007.0,0.0
2019-06-26,20.8,12.8,31.7,0.0,0.0,228.7,11.2,1006.7,0.0
2019-06-27,22.3,14.4,27.2,0.0,0.0,310.5,14.8,1011.1,0.0
2019-06-28,18.4,12.8,23.3,0.0,0.0,317.0,9.0,1015.0,0.0
2019-06-29,20.3,11.1,31.1,0.0,0.0,293.4,7.2,1015.1,0.0
2019-06-30,23.1,14.4,31.7,0.0,0.0,276.3,12.6,1012.7,0.0
2019-07-01,23.4,13.3,33.3,0.0,0.0,249.7,10.1,1011.0,0.0
2019-07-02,23.1,14.4,28.3,0.0,0.0,316.3,18.4,1010.0,0.0
2019-07-03,20.8,12.8,26.1,0.0,0.0,307.8,16.6,1010.3,0.0
2019-07-04,19.7,11.7,27.8,0.0,0.0,290.2,8.3,1012.6,0.0
2019-07-05,22.9,15.0,32.8,0.0,0.0,135.3,11.9,1014.8,0.0
2019-07-06,26.2,18.3,33.3,0.0,0.0,147.2,14.4,1010.7,0.0
2019-07-07,24.1,17.2,30.0,0.0,0.0,317.6,10.4,1008.9,0.0
2019-07-08,21.6,13.9,29.4,0.0,0.0,316.7,7.6,1009.6,0.0
2019-07-09,22.4,12.2,31.1,0.0,0.0,218.2,7.9,1013.9,0.0
2019-07-10,26.9,20.6,35.0,0.0,0.0,265.4,11.9,1013.5,0.0
2019-07-11,26.2,17.2,35.6,0.0,0.0,296.7,9.4,1012.9,0.0
2019-07-12,27.3,17.2,37.2,0.0,0.0,284.1,9.0,1010.6,0.0
2019-07-13,28.8,20.0,36.7,0.0,0.0,264.7,9.4,1007.7,0.0
2019-07-14,27.2,17.2,34.4,0.0,0.0,303.6,12.2,1010.8,0.0
2019-07-15,25.3,16.1,32.8,0.0,0.0,302.6,13.0,1011.8,0.0
2019-07-16,23.4,17.2,30.0,0.0,0.0,309.6,14.8,1011.0,0.0
2019-07-17,23.6,15.0,32.2,0.0,0.0,297.6,9.4,1009.5,0.0
2019-07-18,24.3,16.7,30.6,0.0,0.0,314.8,10.8,1009.2,0.0
2019-07-19,21.9,14.4,27.2,0.0,0.0,299.6,16.6,1011.4,0.0
2019-07-20,20.9,11.7,31.7,0.0,0.0,295.9,12.6,1012.7,0.0
2019-07-21,24.1,13.9,36.1,0.0,0.0,248.2,6.8,1012.4,0.0
2019-07-22,29.2,21.1,38.9,0.0,0.0,172.5,10.1,1010.1,0.0
2019-07-23,30.3,24.4,35.6,0.0,0.0,66.8,13.3,1011.9,0.0
2019-07-24,26.1,18.3,31.7,0.0,0.0,295.1,14.0,1016.0,0.0
2019-07-25,23.7,13.9,35.0,0.0,0.0,293.3,9.4,1015.6,0.0
2019-07-26,25.8,17.2,31.1,0.0,0.0,230.5,8.3,1014.2,0.0
2019-07-27,25.1,18.3,34.4,0.0,0.0,21.7,10.8,1016.3,0.0
2019-07-28,25.7,15.6,35.6,0.0,0.0,279.1,8.3,1015.2,0.0
2019-07-29,27.6,18.9,36.1,0.5,0.0,269.5,11.2,1009.3,1.0
2019-07-30,28.1,20.6,35.6,0.0,0.0,251.2,11.5,1008.5,0.0
2019-07-31,27.3,17.8,36.7,0.0,0.0,269.5,9.0,1009.6,0.0
2019-08-01,27.5,17.2,36.7,0.0,0.0,244.0,7.9,1011.2,0.0
2019-08-02,28.1,20.6,35.0,0.5,0.0,294.9,12.2,1012.1,1.0
2019-08-03,26.2,17.2,36.1,0.0,0.0,287.9,6.1,1013.0,0.0
2019-08-04,27.3,17.2,37.2,0.0,0.0,262.3,7.6,1010.6,0.0
2019-08-05,28.1,18.3,37.8,0.0,0.0,268.0,7.6,1011.2,0.0
2019-08-06,29.2,22.8,38.3,0.0,0.0,225.8,12.2,1009.8,0.0
2019-08-07,29.4,23.3,37.2,0.0,0.0,213.2,11.2,1009.1,0.0
2019-08-08,27.1,22.2,30.6,0.0,0.0,142.5,13.0,1010.3,0.0
2019-08-09,25.9,17.8,33.9,1.5,0.0,137.8,14.4,1009.7,1.0
2019-08-10,21.8,16.1,28.3,0.3,0.0,298.7,16.2,1010.3,1.0
2019-08-11,19.9,14.4,25.6,0.0,0.0,313.7,11.9,1015.4,0.0
2019-08-12,20.4,12.8,28.9,0.0,0.0,276.6,9.0,1017.8,0.0
2019-08-13,23.2,15.0,32.8,0.0,0.0,187.8,9.4,1016.1,0.0
2019-08-14,25.3,16.7,35.0,0.0,0.0,286.0,11.2,1015.6,0.0
2019-08-15,25.2,15.6,32.2,0.0,0.0,305.4,11.5,1014.8,0.0
2019-08-16,23.3,13.9,30.6,0.0,0.0,285.3,10.1,1012.1,0.0
2019-08-17,21.7,12.2,30.0,0.0,0.0,282.7,9.4,1009.2,0.0
2019-08-18,24.1,15.0,34.4,0.0,0.0,120.5,9.4,1007.5,0.0
2019-08-19,27.0,17.2,35.0,0.0,0.0,261.0,10.8,1008.3,0.0
2019-08-20,26.8,17.8,36.7,0.0,0.0,254.3,9.0,1010.1,0.0
2019-08-21,27.4,18.9,36.1,0.0,0.0,286.3,12.2,1008.5,0.0
2019-08-22,24.7,16.7,28.3,0.0,0.0,304.5,22.0,1009.2,0.0
2019-08-23,21.5,12.8,30.6,0.0,0.0,272.8,7.2,1011.2,0.0
2019-08-24,25.0,16.7,35.0,0.0,0.0,328.3,8.6,1009.1,0.0
2019-08-25,24.1,13.9,30.0,0.0,0.0,308.1,12.2,1012.8,0.0
2019-08-26,20.9,11.1,28.3,0.0,0.0,283.4,10.1,1017.2,0.0
2019-08-27,21.8,11.7,31.7,0.0,0.0,177.9,8.6,1015.4,0.0
2019-08-28,24.4,15.0,36.1,0.0,0.0,134.2,7.9,1011.9,0.0
2019-08-29,27.8,20.6,35.0,0.0,0.0,299.5,11.9,1010.0,0.0
2019-08-30,25.6,16.1,33.3,0.0,0.0,278.7,10.8,1012.7,0.0
2019-08-31,26.3,18.3,35.6,0.0,0.0,144.0,10.8,1011.7,0.0
2019-09-01,27.2,18.3,36.1,0.0,0.0,78.5,9.0,1010.2,0.0
2019-09-02,25.8,16.7,34.4,0.0,0.0,254.9,9.4,1012.5,0.0
2019-09-03,26.2,16.7,35.6,0.0,0.0,136.6,9.0,1012.3,0.0
2019-09-04,26.4,16.7,35.6,0.0,0.0,97.9,6.8,1011.9,0.0
2019-09-05,28.4,21.1,37.2,0.0,0.0,157.9,15.8,1013.1,0.0
2019-09-06,23.4,17.8,28.3,3.8,0.0,111.3,9.7,1017.4,1.0
2019-09-07,21.4,14.4,28.9,0.0,0.0,161.2,5.8,1014.4,0.0
2019-09-08,19.4,13.3,22.8,8.1,0.0,327.2,14.4,1009.2,1.0
2019-09-09,16.2,11.1,23.3,0.0,0.0,61.5,6.1,1011.9,0.0
2019-09-10,16.0,10.0,21.7,0.0,0.0,233.4,9.0,1010.2,0.0
2019-09-11,15.8,9.4,23.3,0.0,0.0,298.1,10.8,1017.2,0.0
2019-09-12,17.8,10.6,26.7,0.0,0.0,146.9,10.4,1022.5,0.0
2019-09-13,20.2,13.9,29.4,0.0,0.0,144.3,10.4,1017.9,0.0
2019-09-14,21.9,12.8,32.8,0.0,0.0,138.5,11.2,1013.7,0.0
2019-09-15,24.4,16.1,33.3,0.0,0.0,141.2,15.1,1005.5,0.0
2019-09-16,21.7,10.6,25.0,5.1,0.0,298.2,17.6,1005.4,1.0
2019-09-17,13.8,10.0,20.6,2.8,0.0,147.3,7.2,1014.0,1.0
2019-09-18,14.2,10.0,16.1,1.0,0.0,331.5,6.5,1011.2,1.0
2019-09-19,11.9,8.3,18.9,0.3,0.0,303.6,8.3,1012.5,1.0
2019-09-20,13.6,9.4,20.6,0.3,0.0,297.8,19.1,1013.5,1.0
2019-09-21,13.7,7.2,21.7,0.0,0.0,238.8,8.6,1018.4,0.0
2019-09-22,16.6,10.6,25.6,0.0,0.0,143.6,14.0,1013.8,0.0
2019-09-23,17.4,10.6,22.8,0.0,0.0,296.2,11.2,1017.8,0.0
2019-09-24,17.4,11.1,25.0,0.0,0.0,8.5,11.9,1020.4,0.0
2019-09-25,16.4,8.9,22.2,0.0,0.0,305.1,13.0,1018.9,0.0
2019-09-26,16.1,8.3,26.7,0.0,0.0,341.5,10.8,1012.1,0.0
2019-09-27,17.3,10.0,21.7,0.0,0.0,320.1,10.8,1008.2,0.0
2019-09-28,11.2,6.7,12.8,0.3,0.0,293.8,10.4,1002.7,1.0
2019-09-29,6.9,1.7,12.2,0.0,0.0,311.5,8.3,1008.7,0.0
2019-09-30,7.0,1.1,13.9,0.0,0.0,196.2,9.0,1013.7,0.0
2019-10-01,8.2,3.3,13.9,0.0,0.0,307.4,11.2,1016.8,0.0
2019-10-02,8.2,1.1,15.6,0.0,0.0,150.8,7.6,1020.5,0.0
2019-10-03,10.3,5.0,16.1,0.0,0.0,138.3,11.5,1014.8,0.0
2019-10-04,9.6,4.4,13.3,0.8,0.0,313.6,12.2,1018.7,1.0
2019-10-05,8.5,2.8,16.7,0.0,0.0,130.0,8.3,1026.3,0.0
2019-10-06,9.6,1.7,18.3,0.0,0.0,148.9,10.1,1028.5,0.0
2019-10-07,10.9,3.3,20.6,0.0,0.0,139.2,9.4,1020.1,0.0
2019-10-08,13.4,5.0,21.1,0.0,0.0,301.2,15.5,1008.9,0.0
2019-10-09,7.7,0.6,9.4,0.0,0.0,315.8,25.6,1017.8,0.0
2019-10-11,4.6,-0.5,15.0,0.0,0.0,149.0,12.2,1027.8,0.0
2019-10-12,7.2,0.0,16.1,0.0,0.0,145.3,9.0,1019.3,0.0
2019-10-13,8.4,2.2,16.7,0.0,0.0,154.1,7.2,1013.3,0.0
2019-10-14,8.9,1.7,18.3,0.0,0.0,231.3,8.6,1016.0,0.0
2019-10-15,11.3,4.4,23.3,0.0,0.0,142.7,9.4,1019.6,0.0
2019-10-16,15.7,7.2,27.8,0.0,0.0,140.5,10.8,1012.2,0.0
2019-10-17,15.6,5.0,19.4,0.0,0.0,316.5,13.0,1006.4,0.0
2019-10-18,8.6,3.3,15.6,0.3,0.0,38.1,12.2,1014.1,1.0
2019-10-19,7.6,4.4,11.7,5.6,0.0,175.4,21.2,1010.1,1.0
2019-10-20,6.7,1.7,10.0,0.0,0.0,336.7,8.6,1019.8,0.0
2019-10-21,7.9,4.4,13.3,0.0,0.0,8.6,7.2,1023.8,0.0
2019-10-22,10.9,6.7,17.8,0.5,0.0,349.6,6.8,1025.4,1.0
2019-10-23,10.7,3.3,15.0,0.0,0.0,316.8,19.4,1026.3,0.0
2019-10-24,7.2,-0.5,15.6,0.0,0.0,139.9,6.8,1031.4,0.0
2019-10-25,10.0,5.0,20.0,0.0,0.0,139.3,9.7,1023.8,0.0
2019-10-26,8.9,2.8,11.1,0.0,0.0,313.0,25.6,1016.5,0.0
2019-10-27,3.0,-4.9,8.9,0.0,0.0,315.4,11.2,1023.7,0.0
2019-10-28,0.6,-4.9,5.6,0.0,0.0,33.0,10.4,1022.0,0.0
2019-10-29,-0.4,-7.7,1.7,0.3,0.0,308.6,11.9,1026.2,1.0
2019-10-30,-3.6,-8.8,5.0,0.0,0.0,148.1,8.6,1035.3,0.0
2019-11-01,0.4,-6.0,8.9,0.0,0.0,146.5,7.9,1033.4,0.0
2019-11-02,2.2,-3.8,11.1,0.0,0.0,148.8,4.7,1030.2,0.0
2019-11-03,3.4,-2.1,11.7,0.0,0.0,132.0,4.7,1023.0,0.0
2019-11-04,5.3,-1.0,15.0,0.0,0.0,167.3,5.8,1022.8,0.0
2019-11-05,7.6,0.6,16.7,0.0,0.0,137.5,6.5,1022.4,0.0
2019-11-06,6.4,-0.5,14.4,0.0,0.0,207.3,5.8,1022.0,0.0
2019-11-07,6.8,0.0,13.9,0.0,0.0,159.0,8.3,1027.2,0.0
2019-11-08,6.1,-0.5,15.6,0.0,0.0,141.1,6.1,1028.1,0.0
2019-11-09,5.7,-1.0,13.9,0.0,0.0,326.2,4.7,1024.4,0.0
2019-11-10,7.3,2.2,16.1,0.0,0.0,314.3,8.6,1022.1,0.0
2019-11-11,7.1,-1.0,12.8,0.0,0.0,147.6,14.8,1028.7,0.0
2019-11-12,4.9,-1.6,10.0,0.0,0.0,140.8,7.6,1023.5,0.0
2019-11-13,5.0,0.0,13.3,0.0,0.0,288.1,5.0,1020.6,0.0
2019-11-14,6.2,1.1,13.3,0.0,0.0,145.5,6.8,1020.7,0.0
2019-11-15,7.4,1.1,15.6,0.0,0.0,324.3,4.7,1020.6,0.0
2019-11-16,8.2,2.2,12.2,0.0,0.0,298.9,8.6,1026.2,0.0
2019-11-17,6.6,1.1,15.6,0.0,0.0,107.4,6.1,1025.8,0.0
2019-11-18,8.0,2.2,15.0,0.0,0.0,129.0,5.8,1017.2,0.0
2019-11-19,8.4,1.7,12.2,0.3,0.0,302.9,9.4,1006.3,1.0
2019-11-20,4.2,-1.0,12.8,0.0,0.0,305.2,6.1,1009.5,0.0
2019-11-21,2.9,-3.8,8.9,0.0,0.0,200.5,4.7,1016.0,0.0
2019-11-22,2.3,-2.1,9.4,0.0,0.0,144.7,6.8,1024.7,0.0
2019-11-23,2.2,-3.8,10.6,0.0,0.0,134.9,7.6,1028.5,0.0
2019-11-24,2.6,-1.6,8.3,0.0,0.0,336.8,5.4,1022.0,0.0
2019-11-25,2.0,-3.2,6.7,0.0,0.0,312.4,15.8,1014.6,0.0
2019-11-26,-0.6,-5.5,2.8,0.0,0.0,141.0,16.6,1010.7,0.0
2019-11-27,2.7,-0.5,7.2,1.0,0.0,117.6,27.7,995.8,1.0
2019-11-28,1.3,-2.7,4.4,0.0,0.0,271.1,2.2,1005.1,0.0
2019-11-29,-0.9,-3.2,1.1,1.5,0.0,305.8,9.4,1005.2,1.0
2019-11-30,-2.8,-8.2,2.2,0.3,0.0,133.1,9.0,1021.5,1.0
2019-12-01,-2.0,-6.6,2.8,3.3,0.0,157.8,17.6,1022.1,1.0
2019-12-02,0.7,0.0,2.2,0.8,30.0,115.3,3.2,1025.4,1.0
2019-12-03,1.6,0.6,3.9,0.3,0.0,134.9,3.6,1027.0,1.0
2019-12-04,3.4,-1.6,7.2,0.0,0.0,140.0,6.8,1019.2,0.0
2019-12-05,0.8,-1.6,4.4,0.0,0.0,114.7,4.7,1022.3,0.0
2019-12-06,4.9,2.2,10.6,0.0,0.0,148.5,17.3,1022.0,0.0
2019-12-07,6.4,2.8,10.6,0.8,0.0,126.2,22.0,1013.2,1.0
2019-12-08,7.2,3.3,8.3,4.1,0.0,339.1,11.9,1013.8,1.0
2019-12-09,3.5,-1.6,7.2,0.0,0.0,318.0,6.1,1023.4,0.0
2019-12-10,1.5,-2.1,7.2,0.0,0.0,134.4,10.8,1025.6,0.0
2019-12-11,2.9,0.0,6.1,1.3,0.0,126.5,11.2,1021.1,1.0
2019-12-12,5.7,3.9,8.9,7.1,0.0,136.2,10.4,1018.4,1.0
2019-12-13,4.1,1.1,5.0,1.8,0.0,72.8,5.8,1019.6,1.0
2019-12-14,2.2,-1.6,5.6,1.8,0.0,314.0,11.5,1015.4,1.0
2019-12-15,0.1,-2.7,2.8,0.0,0.0,49.6,6.1,1019.5,0.0
2019-12-16,-1.4,-6.0,2.2,0.0,0.0,124.1,5.0,1033.1,0.0
2019-12-17,-2.8,-7.1,2.2,0.0,0.0,138.3,16.2,1034.1,0.0
2019-12-18,-2.8,-5.5,1.7,0.0,0.0,142.9,5.8,1022.3,0.0
2019-12-19,0.7,-1.0,7.2,0.3,0.0,126.6,16.2,1020.5,1.0
2019-12-20,7.1,4.4,10.0,0.0,0.0,133.7,22.7,1022.3,0.0
2019-12-21,6.9,4.4,10.0,0.0,0.0,152.8,21.6,1016.8,0.0
2019-12-22,7.3,2.2,16.1,0.0,0.0,144.5,19.1,1008.7,0.0
2019-12-23,8.1,2.8,8.9,0.0,0.0,320.4,7.9,1011.1,0.0
2019-12-24,2.4,-1.6,4.4,4.1,0.0,318.1,6.8,1010.3,1.0
2019-12-25,-0.6,-2.1,1.7,0.3,0.0,113.0,4.7,1013.2,1.0
2019-12-26,0.2,-0.5,0.6,0.0,0.0,125.9,6.5,1021.5,0.0
2019-12-27,-0.2,-3.2,1.7,0.0,0.0,77.1,9.4,1021.6,0.0
2019-12-28,-1.4,-4.3,3.9,0.0,0.0,66.9,3.6,1024.2,0.0
2019-12-29,-0.6,-2.1,0.0,1.0,0.0,128.0,10.1,1022.7,1.0
2019-12-30,-0.6,-1.6,1.1,0.0,0.0,104.9,4.0,1028.3,0.0
2019-12-31,1.3,0.0,4.4,0.3,0.0,129.4,16.6,1024.7,1.0
2020-01-01,4.6,2.8,8.3,5.1,0.0,1.8,15.1,1011.4,1.0
2020-01-02,3.9,0.0,6.7,0.0,0.0,351.9,7.9,1018.6,0.0
2020-01-03,4.3,0.6,10.0,0.0,0.0,82.5,10.1,1023.8,0.0
2020-01-04,6.1,-1.0,8.3,0.0,0.0,37.4,15.8,1023.8,0.0
2020-01-05,1.4,-1.6,3.9,1.0,0.0,124.0,9.4,1030.0,1.0
2020-01-06,0.7,-2.1,4.4,0.5,0.0,112.6,12.2,1032.1,1.0
2020-01-07,4.4,1.1,11.7,0.0,0.0,124.2,18.0,1020.4,0.0
2020-01-08,4.6,0.0,8.3,1.5,0.0,335.1,10.4,1010.6,1.0
2020-01-09,1.4,-1.6,3.3,3.3,30.0,324.1,13.0,1015.2,1.0
2020-01-10,-1.2,-4.9,3.3,0.0,0.0,120.8,20.9,1022.9,0.0
2020-01-11,1.7,0.0,3.9,3.8,0.0,165.2,13.3,1014.1,1.0
2020-01-12,0.8,-0.5,3.9,4.8,0.0,144.7,16.2,1011.6,1.0
2020-01-13,1.0,-1.0,2.2,2.5,50.0,109.1,16.2,1011.5,1.0
2020-01-14,-0.4,-6.6,3.9,1.5,80.0,101.1,9.7,1012.2,1.0
2020-01-15,-3.8,-8.8,2.8,0.0,100.0,126.7,21.6,1020.0,0.0
2020-01-16,3.3,-0.5,8.9,0.0,80.0,152.3,20.2,1006.0,0.0
2020-01-17,2.4,-0.5,4.4,0.0,30.0,309.4,14.4,1020.6,0.0
2020-01-18,1.2,-1.0,5.6,0.0,0.0,137.2,13.7,1030.5,0.0
2020-01-19,0.9,-3.8,5.0,0.0,0.0,138.2,12.2,1033.5,0.0
2020-01-20,0.5,-2.1,4.4,0.0,0.0,60.5,5.4,1023.1,0.0
2020-01-21,3.6,0.6,8.9,0.5,0.0,103.7,9.4,1014.8,1.0
2020-01-22,2.6,-2.1,8.3,0.0,0.0,118.7,7.9,1022.5,0.0
2020-01-23,5.3,3.3,11.7,0.0,0.0,100.2,8.3,1023.9,0.0
2020-01-24,5.9,3.3,9.4,4.3,0.0,95.4,10.4,1018.6,1.0
2020-01-25,4.1,0.6,6.7,0.5,0.0,108.0,8.3,1020.8,1.0
2020-01-26,5.7,3.3,7.8,18.8,0.0,113.0,10.8,1017.7,1.0
2020-01-27,4.3,0.6,9.4,0.0,0.0,91.1,10.1,1023.8,0.0
2020-01-28,6.0,1.7,8.3,4.8,0.0,131.3,13.0,1020.5,1.0
2020-01-29,3.3,-0.5,7.8,1.8,0.0,347.4,5.8,1025.7,1.0
2020-01-30,3.9,0.6,6.7,3.3,0.0,299.0,10.8,1028.3,1.0
2020-01-31,4.3,2.2,10.0,0.0,0.0,131.0,14.0,1029.5,0.0
2020-02-01,6.7,1.1,11.1,0.0,0.0,120.1,15.8,1023.6,0.0
2020-02-02,3.3,-2.7,3.9,0.5,0.0,301.8,23.4,1014.3,1.0
2020-02-03,-1.1,-3.8,3.3,0.0,0.0,315.0,30.2,1017.1,0.0
2020-02-04,-2.6,-8.2,2.2,0.0,0.0,318.9,10.8,1027.6,0.0
2020-02-05,-0.4,-2.1,1.7,9.4,0.0,7.1,4.7,1022.2,1.0
2020-02-06,2.3,0.0,7.8,5.6,30.0,321.3,5.4,1016.3,1.0
2020-02-07,8.2,5.6,13.3,0.0,0.0,324.8,16.9,1016.2,0.0
2020-02-08,6.4,0.0,8.3,0.3,0.0,305.8,16.2,1014.4,1.0
2020-02-09,1.6,-3.2,7.8,0.0,0.0,310.8,12.2,1025.1,0.0
2020-02-10,1.6,-3.8,8.3,0.0,0.0,328.8,9.7,1026.5,0.0
2020-02-11,1.6,-3.2,9.4,0.0,0.0,95.9,6.5,1024.8,0.0
2020-02-12,3.0,-2.1,9.4,0.0,0.0,315.0,12.2,1022.0,0.0
2020-02-13,3.3,-2.1,11.7,0.0,0.0,125.9,15.1,1018.0,0.0
2020-02-14,5.8,-1.6,8.9,0.0,0.0,330.5,15.1,1017.7,0.0
2020-02-15,3.1,-1.0,7.2,0.0,0.0,109.3,10.1,1021.0,0.0
2020-02-16,3.8,-1.0,7.2,13.5,0.0,31.0,12.2,1018.7,1.0
2020-02-17,0.5,-3.8,5.0,0.0,0.0,19.5,10.1,1025.0,0.0
2020-02-18,-0.9,-4.9,5.0,0.0,0.0,115.0,9.7,1027.7,0.0
2020-02-19,-1.1,-6.0,4.4,0.0,0.0,125.0,15.5,1031.4,0.0
2020-02-20,-1.2,-6.6,7.2,0.0,0.0,138.5,16.9,1032.8,0.0
2020-02-21,0.3,-4.9,7.2,0.0,0.0,137.2,7.2,1028.1,0.0
2020-02-22,1.7,-3.8,10.0,0.0,0.0,26.9,6.1,1022.3,0.0
2020-02-23,3.9,-1.6,14.4,0.0,0.0,133.2,18.4,1019.4,0.0
2020-02-24,3.2,-2.7,6.7,0.0,0.0,321.8,15.5,1030.2,0.0
2020-02-25,0.4,-6.6,7.2,0.0,0.0,112.0,5.4,1036.3,0.0
2020-02-26,3.1,-0.5,11.1,0.0,0.0,102.1,8.3,1031.8,0.0
2020-02-27,4.3,-2.7,13.3,0.0,0.0,181.3,7.2,1031.0,0.0
2020-02-28,6.7,-1.0,17.2,0.0,0.0,128.0,16.9,1022.2,0.0
2020-02-29,8.1,2.2,9.4,0.0,0.0,318.0,14.4,1013.5,0.0
2020-03-01,3.9,-2.7,10.6,0.0,0.0,307.3,19.8,1018.1,0.0
2020-03-02,2.3,-4.3,9.4,0.0,0.0,332.3,8.6,1022.3,0.0
2020-03-03,7.9,4.4,14.4,0.0,0.0,357.6,10.4,1020.3,0.0
2020-03-04,7.9,1.1,15.6,0.0,0.0,89.8,13.7,1020.8,0.0
2020-03-05,10.2,3.3,21.7,0.0,0.0,136.6,20.9,1019.7,0.0
2020-03-06,12.9,5.6,18.9,0.0,0.0,131.6,19.8,1011.4,0.0
2020-03-07,12.7,3.9,15.6,3.6,0.0,139.4,14.8,1005.3,1.0
2020-03-09,6.8,2.8,11.1,0.5,0.0,323.1,7.2,1019.2,1.0
2020-03-10,6.6,0.0,13.9,0.0,0.0,117.5,5.4,1024.1,0.0
2020-03-11,8.4,2.2,17.2,0.0,0.0,84.2,14.4,1017.1,0.0
2020-03-12,7.4,0.0,11.7,0.0,0.0,294.4,15.5,1019.3,0.0
2020-03-13,4.7,-2.1,13.9,0.0,0.0,147.9,17.6,1007.1,0.0
2020-03-14,8.8,3.3,11.7,2.5,0.0,319.8,14.8,1004.2,1.0
2020-03-15,6.4,1.1,13.3,14.7,0.0,21.2,12.2,1012.7,1.0
2020-03-16,7.3,1.7,15.0,0.0,0.0,252.8,7.9,1013.1,0.0
2020-03-17,10.7,5.0,15.6,7.1,0.0,167.5,9.4,1007.0,1.0
2020-03-18,5.7,2.2,9.4,0.0,0.0,321.8,10.4,1009.4,0.0
2020-03-19,4.7,-1.0,13.9,0.0,0.0,229.4,5.4,1013.6,0.0
2020-03-20,9.1,4.4,15.0,0.0,0.0,170.5,8.6,1020.1,0.0
2020-03-21,8.8,2.2,15.0,0.0,0.0,200.4,9.7,1019.3,0.0
2020-03-22,8.0,0.6,15.6,0.0,0.0,83.9,9.4,1017.1,0.0
2020-03-23,10.0,6.1,13.9,1.3,0.0,128.3,15.5,1009.6,1.0
2020-03-24,7.4,2.2,9.4,1.8,0.0,322.7,10.8,1013.1,1.0
2020-03-25,4.7,0.0,9.4,0.3,0.0,300.6,12.6,1012.5,1.0
2020-03-26,2.5,-3.8,9.4,0.0,0.0,316.9,10.4,1014.9,0.0
2020-03-27,3.1,-3.2,10.0,0.0,0.0,9.6,9.7,1014.7,0.0
2020-03-28,6.8,1.7,13.9,0.0,0.0,313.1,7.6,1017.6,0.0
2020-03-29,8.7,5.6,12.8,2.5,0.0,137.9,11.9,1014.6,1.0
2020-03-30,9.1,6.1,12.2,0.8,0.0,135.7,18.4,1015.6,1.0
2020-03-31,8.2,2.8,11.7,11.2,0.0,354.2,15.5,1013.7,1.0
2020-04-01,4.1,-0.5,7.8,0.0,0.0,294.1,12.2,1014.0,0.0
2020-04-02,2.1,-3.8,8.3,0.0,0.0,303.9,9.4,1019.5,0.0
2020-04-03,4.6,-1.6,11.1,0.0,0.0,137.3,11.9,1016.1,0.0
2020-04-04,6.0,-1.6,15.6,1.3,0.0,136.1,16.2,1007.6,1.0
2020-04-05,10.1,5.6,16.1,4.1,0.0,125.3,15.5,1001.6,1.0
2020-04-06,9.7,4.4,16.7,0.0,0.0,52.7,9.0,1007.5,0.0
2020-04-07,10.4,3.9,18.9,0.0,0.0,46.3,10.1,1016.4,0.0
2020-04-08,12.1,4.4,21.7,0.0,0.0,242.7,9.0,1018.6,0.0
2020-04-09,13.1,3.9,21.7,0.0,0.0,228.3,7.2,1014.7,0.0
2020-04-10,14.8,7.8,21.7,0.0,0.0,65.3,13.7,1011.7,0.0
2020-04-11,13.6,5.6,18.3,0.0,0.0,326.6,23.4,1009.6,0.0
2020-04-12,7.7,0.6,12.2,0.0,0.0,319.5,20.5,1018.1,0.0
2020-04-13,5.3,-2.1,11.1,0.0,0.0,320.6,12.2,1024.0,0.0
2020-04-14,6.7,-1.0,16.1,0.0,0.0,323.3,9.7,1024.0,0.0
2020-04-15,11.6,6.1,16.7,0.5,0.0,334.2,20.9,1015.2,1.0
2020-04-16,7.2,2.8,12.8,0.0,0.0,321.1,10.8,1020.5,0.0
2020-04-17,8.1,2.2,16.7,0.0,0.0,139.1,14.8,1017.9,0.0
2020-04-18,11.0,1.7,20.6,0.0,0.0,111.2,9.0,1010.5,0.0
2020-04-19,13.1,4.4,20.6,0.0,0.0,327.6,11.9,1012.4,0.0
2020-04-20,13.5,5.6,21.7,0.0,0.0,187.7,9.4,1014.9,0.0
2020-04-21,14.5,5.6,22.8,0.0,0.0,327.0,13.0,1016.5,0.0
2020-04-22,14.1,5.0,20.6,2.0,0.0,291.0,13.3,1019.6,1.0
2020-04-23,12.3,8.3,16.7,9.4,0.0,313.1,18.7,1018.8,1.0
2020-04-24,10.9,4.4,18.3,0.0,0.0,317.7,7.2,1022.3,0.0
2020-04-25,13.9,7.2,22.8,0.0,0.0,103.9,12.2,1018.4,0.0
2020-04-26,16.3,9.4,22.2,0.0,0.0,330.2,10.8,1015.6,0.0
2020-04-27,15.6,10.6,20.6,0.5,0.0,11.0,10.1,1016.2,1.0
2020-04-28,15.2,7.2,23.3,0.0,0.0,305.1,7.9,1021.7,0.0
2020-04-29,19.1,11.7,31.1,0.0,0.0,141.3,15.1,1014.1,0.0
2020-04-30,19.8,10.0,22.8,10.7,0.0,294.7,15.1,1011.6,1.0
2020-05-01,12.5,6.1,21.1,0.0,0.0,304.9,7.6,1016.7,0.0
2020-05-02,16.7,10.0,25.6,0.0,0.0,158.0,18.4,1011.5,0.0
2020-05-03,15.0,6.7,17.2,0.3,0.0,321.1,19.1,1018.4,1.0
2020-05-04,11.2,2.2,20.0,0.0,0.0,112.3,7.6,1023.0,0.0
2020-05-05,16.8,8.9,27.8,0.0,0.0,130.5,19.1,1017.8,0.0
2020-05-06,18.1,7.8,22.8,0.3,0.0,312.0,21.6,1019.0,1.0
2020-05-07,10.5,1.1,18.9,0.0,0.0,302.6,9.4,1026.5,0.0
2020-05-08,13.8,6.1,23.9,0.0,0.0,324.8,12.2,1020.5,0.0
2020-05-09,17.3,8.9,27.2,0.0,0.0,130.0,11.9,1017.9,0.0
2020-05-10,19.9,8.9,29.4,0.0,0.0,112.3,11.9,1010.6,0.0
2020-05-11,21.4,13.3,27.8,0.0,0.0,233.0,10.8,1003.3,0.0
2020-05-12,18.8,10.6,19.4,0.0,0.0,297.1,9.4,1005.5,0.0
2020-05-13,11.7,6.7,16.7,0.8,0.0,293.3,6.1,1010.5,1.0
2020-05-14,11.9,8.3,15.6,9.1,0.0,24.4,10.4,1014.4,1.0
2020-05-15,11.8,7.2,18.3,0.3,0.0,326.0,11.2,1017.5,1.0
2020-05-16,14.1,7.2,22.8,0.0,0.0,131.9,18.4,1014.0,0.0
2020-05-17,17.8,12.8,26.1,0.5,0.0,335.6,13.0,1004.8,1.0
2020-05-18,15.1,10.6,15.6,3.8,0.0,357.4,16.9,1006.7,1.0
2020-05-19,10.8,7.2,13.3,8.9,0.0,317.9,9.4,1009.5,1.0
2020-05-20,9.1,7.2,10.6,20.3,0.0,236.4,10.8,1012.5,1.0
2020-05-21,10.6,7.8,15.6,2.8,0.0,278.3,8.6,1014.5,1.0
2020-05-22,9.6,5.6,13.9,0.3,0.0,306.3,16.6,1013.5,1.0
2020-05-23,10.2,3.9,18.9,0.0,0.0,297.0,18.7,1016.5,0.0
2020-05-24,13.6,5.6,21.7,0.0,0.0,219.4,8.6,1018.5,0.0
2020-05-25,16.9,9.4,26.1,0.3,0.0,108.5,9.0,1016.2,1.0
2020-05-26,19.7,14.4,24.4,0.5,0.0,310.8,11.5,1015.2,1.0
2020-05-27,19.7,11.7,28.3,0.0,0.0,280.2,11.2,1016.1,0.0
2020-05-28,22.1,12.8,32.8,0.0,0.0,129.2,9.7,1014.7,0.0
2020-05-29,26.4,18.3,35.0,0.0,0.0,82.2,7.9,1009.5,0.0
2020-05-30,28.9,20.6,36.7,0.0,0.0,120.6,22.3,1001.6,0.0
2020-05-31,21.9,14.4,25.6,2.3,0.0,300.8,11.2,1010.8,1.0
2020-06-01,19.4,14.4,24.4,0.0,0.0,306.7,12.6,1013.7,0.0
2020-06-02,19.7,12.2,28.9,0.0,0.0,313.3,7.9,1018.1,0.0
2020-06-03,22.7,15.6,29.4,0.0,0.0,298.3,10.8,1013.4,0.0
2020-06-04,21.0,13.3,27.2,0.0,0.0,310.4,12.6,1010.6,0.0
2020-06-05,23.2,14.4,35.0,0.0,0.0,127.9,13.7,1001.0,0.0
2020-06-06,19.7,9.4,20.0,3.6,0.0,305.3,16.9,1002.2,1.0
2020-06-07,10.0,5.0,12.2,21.6,0.0,318.7,19.8,1010.2,1.0
2020-06-08,10.3,7.2,18.3,3.0,0.0,332.9,15.5,1019.3,1.0
2020-06-09,14.6,10.0,23.3,0.0,0.0,67.6,13.7,1021.5,0.0
2020-06-10,18.5,10.6,28.3,0.0,0.0,99.5,7.9,1019.4,0.0
2020-06-11,23.2,13.9,32.2,0.0,0.0,35.3,11.2,1013.4,0.0
2020-06-12,24.8,15.6,31.7,0.0,0.0,304.0,13.0,1007.2,0.0
2020-06-13,17.9,10.0,20.6,30.7,0.0,219.6,10.4,1008.1,1.0
2020-06-14,12.7,7.8,19.4,1.5,0.0,176.9,8.6,1015.2,1.0
2020-06-15,14.5,10.6,16.7,3.0,0.0,96.5,14.4,1013.7,1.0
2020-06-16,12.5,10.0,16.1,6.6,0.0,298.3,15.1,1012.4,1.0
2020-06-17,12.1,8.3,19.4,4.1,0.0,315.2,14.8,1018.8,1.0
2020-06-18,16.0,8.9,23.9,0.0,0.0,198.6,7.6,1020.0,0.0
2020-06-19,19.1,11.1,27.2,0.0,0.0,137.7,9.0,1015.2,0.0
2020-06-20,21.6,15.6,30.0,0.0,0.0,85.5,9.4,1012.0,0.0
2020-06-21,22.8,15.6,27.8,0.0,0.0,318.1,13.7,1013.1,0.0
2020-06-22,21.8,12.8,30.0,0.0,0.0,310.0,11.5,1016.8,0.0
2020-06-23,23.4,13.9,33.9,0.0,0.0,263.3,7.6,1014.2,0.0
2020-06-24,26.8,17.2,35.6,0.0,0.0,303.0,14.4,1007.5,0.0
2020-06-25,25.1,17.8,31.1,0.0,0.0,299.1,13.3,1010.3,0.0
2020-06-26,25.3,17.2,33.9,0.0,0.0,239.6,8.6,1011.9,0.0
2020-06-27,24.7,17.2,29.4,0.0,0.0,331.3,14.0,1005.8,0.0
2020-06-28,19.1,11.1,20.6,0.0,0.0,303.0,20.5,1002.2,0.0
2020-06-29,11.8,9.4,15.6,6.1,0.0,296.0,12.6,1009.7,1.0
2020-06-30,14.6,10.6,23.3,2.8,0.0,83.6,9.4,1011.9,1.0
2020-07-01,17.5,11.1,24.4,0.0,0.0,316.8,11.2,1009.7,0.0
2020-07-02,18.1,9.4,27.2,0.0,0.0,304.0,7.6,1012.3,0.0
2020-07-03,22.4,13.9,32.8,0.0,0.0,129.8,9.0,1011.4,0.0
2020-07-04,23.4,14.4,31.1,0.0,0.0,323.5,10.8,1013.3,0.0
2020-07-05,22.9,13.3,31.1,0.0,0.0,293.0,9.7,1013.8,0.0
2020-07-06,23.6,14.4,33.9,0.0,0.0,123.9,8.6,1009.2,0.0
2020-07-07,23.8,16.7,27.8,0.0,0.0,316.8,17.3,1009.3,0.0
2020-07-08,20.1,11.7,26.7,0.0,0.0,314.7,12.6,1013.6,0.0
2020-07-09,21.3,12.8,32.8,0.0,0.0,251.1,9.4,1010.4,0.0
2020-07-10,24.1,16.7,31.1,0.0,0.0,315.9,13.7,1015.6,0.0
2020-07-11,26.4,17.8,38.3,0.0,0.0,133.9,11.5,1013.9,0.0
2020-07-12,26.0,16.7,32.2,0.0,0.0,319.9,15.8,1012.1,0.0
2020-07-13,23.0,15.0,28.3,0.0,0.0,310.0,18.0,1012.2,0.0
2020-07-14,20.8,11.7,29.4,0.0,0.0,290.9,12.2,1014.5,0.0
2020-07-15,22.0,12.2,31.7,0.0,0.0,287.6,10.8,1014.5,0.0
2020-07-16,25.2,15.6,34.4,0.0,0.0,283.7,8.3,1011.1,0.0
2020-07-17,26.8,17.2,36.1,0.0,0.0,292.2,14.4,1009.1,0.0
2020-07-18,25.3,15.0,32.2,0.0,0.0,300.6,11.9,1014.1,0.0
2020-07-19,24.3,15.0,33.3,0.0,0.0,293.8,10.1,1013.1,0.0
2020-07-20,26.0,16.1,35.0,0.0,0.0,323.1,11.2,1012.3,0.0
2020-07-21,27.4,17.2,37.2,0.0,0.0,269.8,9.4,1008.4,0.0
2020-07-22,29.3,20.6,34.4,0.0,0.0,141.4,14.0,1005.6,0.0
2020-07-23,26.6,19.4,32.8,0.5,0.0,225.7,16.9,1008.0,1.0
2020-07-24,22.9,15.6,32.8,0.0,0.0,293.7,7.9,1010.1,0.0
2020-07-25,24.1,15.0,32.2,0.0,0.0,299.2,10.1,1012.1,0.0
2020-07-26,23.9,13.3,34.4,0.0,0.0,269.9,9.4,1015.2,0.0
2020-07-27,26.7,17.8,36.1,0.0,0.0,220.1,10.1,1012.1,0.0
2020-07-28,28.7,18.9,35.6,1.5,0.0,136.2,15.5,1010.0,1.0
2020-07-29,26.0,17.2,37.2,0.0,0.0,124.2,8.6,1012.1,0.0
2020-07-30,29.2,20.0,40.6,0.0,0.0,131.5,11.9,1012.1,0.0
2020-07-31,31.4,21.7,40.0,0.0,0.0,211.8,11.9,1009.6,0.0
2020-08-01,29.2,19.4,37.8,0.0,0.0,265.8,9.0,1010.7,0.0
2020-08-02,28.0,17.8,37.8,0.0,0.0,305.1,9.4,1010.7,0.0
2020-08-03,27.8,20.0,33.9,0.0,0.0,303.6,17.6,1012.2,0.0
2020-08-04,25.0,15.6,33.9,0.0,0.0,300.9,10.1,1013.0,0.0
2020-08-05,26.9,16.7,36.7,0.0,0.0,303.5,9.4,1006.9,0.0
2020-08-06,28.7,20.6,33.3,0.0,0.0,321.5,17.6,1004.6,0.0
2020-08-07,21.9,13.3,27.2,0.0,0.0,302.7,16.9,1014.3,0.0
2020-08-08,21.4,12.2,32.2,0.0,0.0,276.1,8.6,1014.8,0.0
2020-08-09,23.5,14.4,31.1,0.0,0.0,317.1,13.3,1014.9,0.0
2020-08-10,23.2,15.0,31.7,0.0,0.0,292.8,9.7,1013.6,0.0
2020-08-11,25.6,16.7,36.1,0.0,0.0,111.7,10.8,1008.4,0.0
2020-08-12,26.9,17.2,30.0,0.0,0.0,330.0,10.1,1009.2,0.0
2020-08-13,22.2,13.3,32.2,0.0,0.0,322.2,9.4,1013.2,0.0
2020-08-14,22.7,12.2,31.7,0.0,0.0,294.2,9.7,1017.0,0.0
2020-08-15,24.6,14.4,36.7,0.0,0.0,146.6,7.9,1016.4,0.0
2020-08-16,28.3,20.6,39.4,0.0,0.0,130.7,9.4,1014.7,0.0
2020-08-17,30.8,22.8,38.9,0.0,0.0,261.5,10.8,1016.0,0.0
2020-08-18,28.9,22.8,38.3,0.0,0.0,288.7,10.8,1015.7,0.0
2020-08-19,30.7,22.2,35.0,0.0,0.0,118.4,15.5,1009.9,0.0
2020-08-20,26.1,19.4,32.8,0.0,0.0,267.3,9.4,1008.7,0.0
2020-08-21,25.7,18.9,33.3,0.0,0.0,126.8,12.2,1008.2,0.0
2020-08-22,23.6,15.6,32.2,0.0,0.0,303.2,8.3,1011.4,0.0
2020-08-23,24.7,16.7,33.9,0.0,0.0,204.4,7.2,1010.6,0.0
2020-08-24,25.9,18.3,32.2,0.3,0.0,33.6,13.0,1009.8,1.0
2020-08-25,25.3,18.3,34.4,1.5,0.0,313.8,10.8,1009.7,1.0
2020-08-26,23.8,17.2,32.8,0.0,0.0,336.7,9.4,1008.3,0.0
2020-08-27,25.2,18.3,31.1,0.0,0.0,300.3,10.8,1008.6,0.0
2020-08-28,23.7,15.0,32.2,0.0,0.0,251.4,9.0,1011.8,0.0
2020-08-29,24.4,15.6,33.9,0.0,0.0,309.6,9.7,1008.4,0.0
2020-08-30,21.8,13.9,26.1,0.0,0.0,292.1,19.4,1012.0,0.0
2020-08-31,18.2,12.2,24.4,0.0,0.0,301.3,11.5,1012.7,0.0
2020-09-01,17.8,9.4,28.9,0.0,0.0,316.8,9.0,1018.2,0.0
2020-09-02,23.4,15.6,35.0,0.0,0.0,76.1,9.7,1015.1,0.0
2020-09-03,25.3,15.0,35.0,0.0,0.0,247.1,10.4,1015.8,0.0
2020-09-04,26.8,17.2,38.9,0.0,0.0,133.0,12.6,1015.1,0.0
2020-09-05,28.6,17.8,37.8,0.0,0.0,123.6,10.8,1014.9,0.0
2020-09-06,25.9,16.7,33.3,0.0,0.0,1.2,8.6,1017.7,0.0
2020-09-07,23.2,12.8,31.1,0.0,0.0,355.2,26.3,1011.7,0.0
2020-09-08,15.7,8.3,21.1,0.0,0.0,287.1,13.0,1021.5,0.0
2020-09-09,15.6,8.3,25.6,0.0,0.0,157.8,10.8,1020.4,0.0
2020-09-10,18.5,10.0,28.9,0.0,0.0,156.9,10.1,1018.8,0.0
2020-09-11,20.6,12.2,30.6,0.0,0.0,198.5,9.4,1015.1,0.0
2020-09-12,21.2,13.9,28.9,0.0,0.0,113.3,9.4,1014.0,0.0
2020-09-13,19.7,12.2,31.7,0.0,0.0,43.4,9.4,1012.7,0.0
2020-09-14,22.1,12.8,30.6,0.0,0.0,91.6,7.2,1014.1,0.0
2020-09-15,22.2,13.3,29.4,0.0,0.0,359.0,8.3,1017.4,0.0
2020-09-16,20.4,13.3,28.9,0.0,0.0,128.4,7.9,1017.2,0.0
2020-09-17,21.3,12.8,30.6,0.0,0.0,71.6,9.4,1013.4,0.0
2020-09-18,20.4,16.1,25.0,0.3,0.0,125.6,15.8,1011.0,1.0
2020-09-19,18.1,12.2,23.3,0.0,0.0,3.0,9.7,1014.1,0.0
2020-09-20,16.9,10.0,26.7,0.0,0.0,112.8,9.0,1016.9,0.0
2020-09-21,20.4,13.3,31.7,0.0,0.0,120.7,14.8,1012.7,0.0
2020-09-22,21.3,13.3,27.2,0.0,0.0,145.0,10.1,1012.3,0.0
2020-09-23,21.7,15.6,29.4,0.0,0.0,135.2,15.1,1014.2,0.0
2020-09-24,20.7,12.8,23.3,0.0,0.0,19.8,14.4,1012.5,0.0
2020-09-25,16.7,10.6,23.9,0.5,0.0,80.1,8.3,1013.2,1.0
2020-09-26,16.6,11.1,20.0,0.3,0.0,309.6,13.0,1017.2,1.0
2020-09-27,13.4,5.0,20.6,0.0,0.0,308.9,13.0,1026.0,0.0
2020-09-28,14.4,7.2,23.3,0.0,0.0,156.8,9.0,1028.2,0.0
2020-09-29,16.8,8.9,27.2,0.0,0.0,157.8,7.6,1023.5,0.0
2020-09-30,18.3,10.6,27.2,0.0,0.0,198.1,10.8,1022.4,0.0
2020-10-01,19.1,11.7,27.8,0.0,0.0,153.9,9.0,1022.7,0.0
2020-10-02,18.7,10.6,28.9,0.0,0.0,223.5,8.3,1019.6,0.0
2020-10-03,19.4,11.7,28.3,0.0,0.0,167.7,8.6,1017.6,0.0
2020-10-04,19.1,8.3,27.2,0.0,0.0,131.9,9.0,1015.6,0.0
2020-10-05,17.4,9.4,27.2,0.0,0.0,248.6,9.4,1019.9,0.0
2020-10-06,18.4,11.1,27.8,0.0,0.0,158.3,10.1,1018.8,0.0
2020-10-07,18.3,10.0,27.8,0.0,0.0,160.5,7.2,1013.6,0.0
2020-10-08,17.8,10.6,26.7,0.0,0.0,101.8,9.7,1010.1,0.0
2020-10-09,16.8,9.4,25.6,0.0,0.0,116.9,8.3,1011.2,0.0
2020-10-10,15.3,8.9,17.8,10.7,0.0,117.4,14.0,1007.6,1.0
2020-10-11,10.1,5.0,15.6,0.0,0.0,325.6,10.4,1019.0,0.0
2020-10-12,14.3,10.6,21.1,0.0,0.0,104.8,13.7,1018.3,0.0
2020-10-13,13.4,9.4,19.4,0.3,0.0,129.6,14.4,1017.8,1.0
2020-10-14,13.1,5.6,15.0,0.0,0.0,313.7,14.8,1024.9,0.0
2020-10-15,8.4,2.2,15.0,0.0,0.0,320.0,8.3,1031.8,0.0
2020-10-16,9.8,3.9,21.1,0.0,0.0,94.6,5.8,1025.0,0.0
2020-10-17,13.8,6.7,20.6,0.0,0.0,351.9,8.6,1016.6,0.0
2020-10-18,13.3,6.7,21.7,0.0,0.0,31.1,6.8,1016.9,0.0
2020-10-19,13.8,7.2,20.0,0.0,0.0,11.5,7.2,1017.3,0.0
2020-10-20,12.4,7.2,16.7,0.0,0.0,299.8,9.4,1016.9,0.0
2020-10-21,12.4,4.4,17.2,0.0,0.0,323.1,16.9,1014.0,0.0
2020-10-22,6.4,-1.6,11.7,0.0,0.0,304.6,15.8,1022.3,0.0
2020-10-23,5.0,-0.5,12.8,0.0,0.0,147.0,16.2,1021.7,0.0
2020-10-24,10.4,-1.0,12.2,0.5,0.0,315.4,21.2,1012.2,1.0
2020-10-25,1.2,-4.3,7.2,0.0,0.0,298.8,17.6,1023.4,0.0
2020-10-26,-0.7,-8.2,7.2,0.0,0.0,317.3,7.9,1030.1,0.0
2020-10-27,3.5,-3.8,14.4,0.0,0.0,331.8,6.5,1027.3,0.0
2020-10-28,7.4,0.6,17.2,0.0,0.0,130.1,7.9,1024.6,0.0
2020-10-29,10.9,4.4,20.6,0.0,0.0,146.0,7.6,1022.4,0.0
2020-10-30,11.4,2.8,23.9,0.0,0.0,347.4,9.4,1016.4,0.0
2020-10-31,9.2,-0.5,14.4,0.0,0.0,272.9,6.5,1026.0,0.0
2020-11-01,7.9,1.7,17.2,0.0,0.0,106.5,7.2,1030.0,0.0
2020-11-02,9.3,2.8,18.9,0.0,0.0,150.9,5.4,1025.7,0.0
2020-11-03,9.4,2.8,20.0,0.0,0.0,20.0,6.1,1019.6,0.0
2020-11-04,10.4,2.8,22.2,0.0,0.0,116.3,6.8,1023.7,0.0
2020-11-05,14.1,6.7,24.4,0.0,0.0,130.7,15.8,1019.4,0.0
2020-11-06,15.8,7.2,20.0,0.0,0.0,133.0,18.7,998.8,0.0
2020-11-07,7.4,0.0,8.9,2.0,0.0,307.0,16.2,997.0,1.0
2020-11-08,0.8,-1.0,0.6,4.1,50.0,292.6,15.5,1005.0,1.0
2020-11-09,-1.0,-3.2,2.2,0.0,30.0,303.0,11.2,1021.2,0.0
2020-11-10,0.2,-1.0,5.6,0.8,0.0,120.0,14.8,1019.0,1.0
2020-11-11,2.6,-2.7,5.0,0.3,0.0,1.7,9.0,1018.3,1.0
2020-11-12,0.0,-3.2,6.1,0.0,0.0,128.4,17.6,1022.0,0.0
2020-11-13,3.1,0.6,6.1,11.4,0.0,128.3,20.5,1008.0,1.0
2020-11-14,3.5,0.0,7.2,0.5,0.0,324.6,10.8,1020.5,1.0
2020-11-15,4.3,2.8,7.2,11.7,0.0,117.1,19.1,1021.6,1.0
2020-11-16,8.1,5.6,13.3,0.8,0.0,126.8,19.4,1022.3,1.0
2020-11-17,9.8,2.8,16.1,0.0,0.0,139.8,15.1,1010.1,0.0
2020-11-18,10.1,5.0,12.8,8.4,0.0,108.4,17.6,1011.1,1.0
2020-11-19,6.3,0.6,10.0,2.0,0.0,145.1,12.6,1024.3,1.0
2020-11-20,2.4,-1.6,7.8,0.0,0.0,139.0,9.0,1033.3,0.0
2020-11-21,0.2,-4.3,5.6,0.0,0.0,31.9,5.8,1034.5,0.0
2020-11-22,-0.2,-4.3,4.4,0.0,0.0,111.2,10.1,1024.1,0.0
2020-11-23,-0.8,-3.8,4.4,0.0,0.0,308.4,3.6,1017.3,0.0
2020-11-24,0.6,-3.8,7.2,0.0,0.0,134.9,9.4,1021.9,0.0
2020-11-25,2.4,0.0,5.0,1.5,0.0,15.5,9.4,1017.7,1.0
2020-11-26,1.3,-2.7,6.1,0.0,0.0,353.3,6.8,1029.4,0.0
2020-11-27,0.4,-3.2,6.1,0.0,0.0,141.3,13.0,1032.0,0.0
2020-11-28,-0.8,-5.5,2.8,0.0,0.0,327.2,9.4,1030.9,0.0
2020-11-29,-1.4,-5.5,4.4,0.0,0.0,129.1,10.1,1033.2,0.0
2020-11-30,-2.4,-6.0,1.7,0.0,0.0,348.5,6.8,1027.0,0.0
2020-12-01,-2.5,-7.1,4.4,0.0,0.0,298.2,6.8,1034.1,0.0
2020-12-02,-0.4,-3.8,8.3,0.0,0.0,139.6,13.7,1035.2,0.0
2020-12-03,-1.0,-4.9,5.0,0.0,0.0,95.9,7.9,1034.1,0.0
2020-12-04,-1.8,-6.0,4.4,0.0,0.0,116.2,8.3,1035.7,0.0
2020-12-05,-1.8,-6.0,5.6,0.0,0.0,129.7,8.3,1032.1,0.0
2020-12-06,-2.1,-6.6,4.4,0.0,0.0,346.7,4.7,1031.8,0.0
2020-12-07,-0.6,-4.9,7.8,0.0,0.0,160.2,9.7,1036.4,0.0
2020-12-08,-1.1,-6.0,6.1,0.0,0.0,59.6,6.1,1033.2,0.0
2020-12-09,-1.5,-6.6,3.9,0.0,0.0,304.7,6.5,1026.0,0.0
2020-12-10,-1.4,-6.6,5.6,0.0,0.0,125.4,8.3,1020.7,0.0
2020-12-11,-1.1,-5.5,5.0,0.0,0.0,82.4,6.5,1018.5,0.0
2020-12-12,-2.9,-7.7,3.3,0.0,0.0,222.9,7.9,1023.2,0.0
2020-12-13,-1.4,-3.8,2.8,1.0,0.0,133.1,19.4,1022.9,1.0
2020-12-14,-1.0,-6.0,1.7,0.3,30.0,306.1,11.2,1024.2,1.0
2020-12-15,-1.3,-4.3,2.8,0.5,0.0,131.5,13.7,1026.0,1.0
2020-12-16,0.3,-0.5,6.7,0.0,0.0,350.7,7.9,1022.6,0.0
2020-12-17,4.1,1.7,6.7,2.0,0.0,255.4,12.2,1013.1,1.0
2020-12-18,2.9,0.0,6.1,0.0,0.0,348.2,9.4,1025.9,0.0
2020-12-19,3.8,0.6,9.4,0.0,0.0,124.5,13.7,1026.8,0.0
2020-12-20,5.3,3.9,7.8,0.8,0.0,120.9,16.2,1023.8,1.0
2020-12-21,8.2,6.1,14.4,0.0,0.0,123.8,21.2,1016.0,0.0
2020-12-22,6.4,-2.7,9.4,0.5,0.0,293.4,23.0,1017.4,1.0
2020-12-23,-1.3,-6.6,2.8,0.0,0.0,334.3,6.1,1036.1,0.0
2020-12-24,-1.4,-4.3,6.1,0.0,0.0,134.2,15.1,1033.2,0.0
2020-12-25,-1.1,-6.0,6.1,0.0,0.0,132.3,8.6,1022.3,0.0
2020-12-26,2.1,-2.1,5.6,8.6,0.0,5.1,9.4,1017.6,1.0
2020-12-27,-1.7,-5.5,0.0,0.0,0.0,345.0,3.6,1023.8,0.0
2020-12-28,-3.3,-6.6,-0.5,0.0,0.0,307.4,7.2,1021.0,0.0
2020-12-29,-4.3,-6.0,-2.1,0.0,0.0,289.6,7.9,1025.7,0.0
2020-12-30,-3.1,-4.9,1.7,0.3,0.0,126.8,12.2,1025.1,1.0
2020-12-31,-0.1,-1.6,3.3,0.3,0.0,336.2,4.7,1021.5,1.0
2021-01-01,1.7,-0.5,6.1,0.0,0.0,130.3,15.1,1023.8,0.0
2021-01-02,3.6,0.6,7.8,0.3,0.0,134.3,13.3,1020.7,1.0
2021-01-03,5.1,2.8,10.0,6.1,0.0,111.3,14.8,1019.0,1.0
2021-01-04,5.4,2.8,8.9,4.8,0.0,117.0,23.4,1014.4,1.0
2021-01-05,3.9,0.0,6.7,0.0,0.0,50.1,8.6,1025.0,0.0
2021-01-06,2.8,-1.6,7.2,0.0,0.0,137.6,16.6,1023.5,0.0
2021-01-07,3.2,0.6,6.1,5.1,0.0,111.7,7.2,1025.7,1.0
2021-01-08,1.3,-2.1,4.4,0.8,0.0,273.8,13.7,1025.2,1.0
2021-01-09,0.5,-1.0,5.0,0.3,0.0,318.2,7.9,1029.6,1.0
2021-01-10,1.0,-2.1,3.9,0.0,0.0,136.5,14.4,1030.5,0.0
2021-01-11,-0.8,-4.3,5.0,0.0,0.0,138.1,11.5,1030.5,0.0
2021-01-12,1.4,-1.6,6.1,3.0,0.0,117.1,17.6,1024.7,1.0
2021-01-13,7.1,-1.6,10.0,2.5,0.0,13.7,19.8,1025.3,1.0
2021-01-14,2.0,-2.1,8.3,0.0,0.0,133.5,6.1,1035.7,0.0
2021-01-15,0.6,-2.7,3.3,0.0,0.0,348.7,6.8,1032.7,0.0
2021-01-16,-0.5,-4.3,5.6,0.0,0.0,350.0,3.2,1031.4,0.0
2021-01-17,1.2,-2.1,6.1,0.0,0.0,336.5,6.8,1028.6,0.0
2021-01-18,0.8,-3.2,7.2,0.0,0.0,340.2,10.1,1028.9,0.0
2021-01-19,-0.3,-6.0,6.1,0.0,0.0,120.8,6.1,1032.3,0.0
2021-01-20,-0.5,-4.9,6.7,0.0,0.0,132.1,8.6,1025.6,0.0
2021-01-21,1.0,-1.6,5.6,0.5,0.0,336.8,4.7,1019.2,1.0
2021-01-22,0.9,0.0,3.3,1.0,0.0,312.2,6.5,1013.1,1.0
2021-01-23,0.6,-3.8,5.0,0.0,0.0,300.4,14.4,1013.0,0.0
2021-01-24,-1.0,-4.3,4.4,0.0,0.0,126.7,16.9,1010.7,0.0
2021-01-25,-0.4,-3.2,2.2,0.0,0.0,253.6,9.4,1007.5,0.0
2021-01-26,-1.6,-5.5,3.3,0.0,0.0,98.3,13.0,1009.8,0.0
2021-01-27,2.9,0.0,8.3,0.0,0.0,121.3,33.5,1006.3,0.0
2021-01-28,6.9,4.4,11.1,0.0,0.0,115.8,25.6,1007.8,0.0
2021-01-29,4.4,1.1,5.6,7.1,0.0,255.0,4.7,1006.2,1.0
2021-01-30,3.0,-0.5,9.4,0.0,0.0,138.0,9.4,1020.6,0.0
2021-01-31,5.0,1.1,11.1,0.0,0.0,135.4,22.7,1024.8,0.0
2021-02-01,5.8,1.7,12.8,0.0,0.0,147.9,20.5,1018.3,0.0
2021-02-02,9.3,2.8,15.0,3.0,0.0,145.3,21.6,1013.5,1.0
2021-02-03,3.1,-0.5,4.4,0.3,0.0,293.5,7.9,1017.6,1.0
2021-02-04,0.7,-3.8,5.6,0.0,0.0,303.1,5.8,1026.1,0.0
2021-02-05,4.2,1.7,10.0,0.3,0.0,345.6,14.8,1019.3,1.0
2021-02-06,4.1,-2.1,10.6,0.0,0.0,321.0,12.2,1016.3,0.0
2021-02-07,5.3,-0.5,8.9,0.0,0.0,333.0,12.2,1012.7,0.0
2021-02-08,0.8,-5.5,5.6,0.0,0.0,321.0,6.5,1014.5,0.0
2021-02-09,1.4,-3.2,7.8,0.0,0.0,304.9,5.8,1016.2,0.0
2021-02-10,0.6,-6.0,10.0,0.0,0.0,86.1,7.2,1017.8,0.0
2021-02-11,0.6,-2.7,2.8,3.6,0.0,344.4,2.5,1016.1,1.0
2021-02-12,-0.7,-2.7,0.0,7.4,50.0,293.5,9.7,1013.5,1.0
2021-02-13,-2.3,-6.0,-0.5,13.2,180.0,311.8,7.2,1009.3,1.0
2021-02-14,-3.4,-9.9,0.6,0.0,230.0,122.5,9.7,1016.6,0.0
2021-02-15,0.8,0.0,3.9,7.6,180.0,117.6,13.7,1008.1,1.0
2021-02-16,2.2,0.6,4.4,1.3,130.0,326.4,12.2,1011.8,1.0
2021-02-17,1.2,-3.2,3.3,0.0,80.0,316.4,14.4,1022.3,0.0
2021-02-18,-2.1,-6.6,2.8,1.0,50.0,129.7,16.9,1028.4,1.0
2021-02-19,1.6,-0.5,6.1,2.3,50.0,128.5,18.0,1020.8,1.0
2021-02-20,1.7,-1.0,5.0,0.5,30.0,304.6,13.7,1020.7,1.0
2021-02-21,0.9,-4.3,6.7,0.0,0.0,10.9,9.0,1033.2,0.0
2021-02-22,4.1,0.6,10.6,0.0,0.0,127.5,14.8,1028.3,0.0
2021-02-23,5.7,0.0,9.4,0.0,0.0,317.0,16.2,1023.8,0.0
2021-02-24,1.8,-3.2,6.1,0.0,0.0,312.8,16.6,1028.6,0.0
2021-02-25,-0.9,-4.3,3.9,0.0,0.0,129.0,17.3,1026.9,0.0
2021-02-26,1.3,-2.7,5.0,0.3,0.0,295.6,17.3,1014.6,1.0
2021-02-27,0.6,-3.8,5.0,0.5,0.0,325.3,13.7,1018.7,1.0
2021-02-28,-1.2,-6.6,5.0,0.0,0.0,116.7,8.6,1029.0,0.0
2021-03-01,2.8,-2.7,11.1,0.0,0.0,121.5,18.4,1025.5,0.0
2021-03-02,5.0,-1.0,13.3,0.0,0.0,122.7,10.1,1018.3,0.0
2021-03-03,6.2,-0.5,15.6,0.0,0.0,138.5,10.4,1012.9,0.0
2021-03-04,7.1,-0.5,17.2,0.0,0.0,128.0,12.2,1019.3,0.0
2021-03-05,11.2,3.9,20.0,0.0,0.0,121.1,30.6,1018.6,0.0
2021-03-06,11.3,1.7,13.9,1.0,0.0,116.3,12.6,1011.0,1.0
2021-03-07,5.6,0.6,13.9,0.0,0.0,108.3,13.3,1018.2,0.0
2021-03-08,5.4,1.1,12.2,0.5,0.0,279.4,6.5,1013.9,1.0
2021-03-09,3.5,-2.1,10.6,0.0,0.0,137.0,7.2,1016.0,0.0
2021-03-10,3.7,-3.8,11.1,0.0,0.0,110.0,6.8,1011.9,0.0
2021-03-11,4.2,-3.8,13.3,0.0,0.0,320.5,7.9,1017.6,0.0
2021-03-12,4.3,-3.2,12.8,0.0,0.0,311.2,9.4,1022.7,0.0
2021-03-13,5.2,-3.2,15.0,0.0,0.0,179.1,9.7,1020.5,0.0
2021-03-15,10.4,2.2,16.7,0.0,0.0,330.6,15.1,1006.3,0.0
2021-03-16,5.8,0.6,13.3,0.0,0.0,315.6,13.7,1013.3,0.0
2021-03-17,7.3,0.0,16.7,0.0,0.0,137.7,13.3,1016.9,0.0
2021-03-18,11.6,5.0,20.6,0.0,0.0,134.9,19.8,1014.2,0.0
2021-03-19,13.0,8.3,15.0,4.8,0.0,120.3,11.5,1014.3,1.0
2021-03-20,8.7,2.8,12.2,0.0,0.0,307.7,19.8,1016.6,0.0
2021-03-21,5.0,-0.5,10.6,0.0,0.0,294.7,10.4,1022.7,0.0
2021-03-22,5.2,0.6,7.8,11.7,0.0,322.5,12.2,1015.7,1.0
2021-03-23,3.4,-0.5,11.7,0.0,0.0,316.9,25.2,1020.4,0.0
2021-03-24,3.8,-2.7,8.9,1.3,0.0,174.3,9.0,1016.4,1.0
2021-03-25,4.7,1.7,10.0,4.8,0.0,327.8,15.8,1005.6,1.0
2021-03-26,5.5,0.0,13.3,0.0,0.0,309.7,18.7,1017.2,0.0
2021-03-27,7.2,0.0,16.7,0.0,0.0,98.5,9.0,1026.1,0.0
2021-03-28,12.5,5.0,23.9,0.0,0.0,145.1,18.4,1016.7,0.0
2021-03-29,9.2,-0.5,16.1,0.0,0.0,310.8,29.9,1018.7,0.0
2021-03-30,2.9,-2.7,8.9,0.0,0.0,295.4,13.0,1026.9,0.0
2021-03-31,5.1,-1.6,15.6,0.0,0.0,131.6,14.8,1030.2,0.0
2021-04-01,11.3,2.2,23.9,0.0,0.0,144.5,19.8,1016.5,0.0
2021-04-02,14.4,5.6,22.8,0.0,0.0,123.3,13.0,1013.5,0.0
2021-04-03,16.2,7.8,25.6,0.0,0.0,110.2,10.4,1015.8,0.0
2021-04-04,16.2,8.3,22.8,0.0,0.0,296.9,9.0,1013.4,0.0
2021-04-05,10.4,4.4,11.7,0.0,0.0,299.7,24.5,1011.8,0.0
2021-04-06,6.8,0.6,15.6,0.0,0.0,307.0,19.1,1017.2,0.0
2021-04-07,11.6,4.4,21.7,0.0,0.0,151.9,12.2,1014.8,0.0
2021-04-08,11.7,1.7,12.8,0.0,0.0,312.1,22.0,1016.7,0.0
2021-04-09,6.1,-2.1,16.7,0.0,0.0,131.8,8.6,1020.9,0.0
2021-04-10,10.2,2.2,16.1,0.0,0.0,329.2,21.2,1014.0,0.0
2021-04-11,5.1,-2.1,11.1,0.0,0.0,305.0,20.2,1020.0,0.0
2021-04-12,4.9,-3.2,13.9,0.0,0.0,277.5,6.1,1020.1,0.0
2021-04-13,8.1,0.6,13.9,0.0,0.0,357.4,10.8,1014.9,0.0
2021-04-14,8.9,3.3,14.4,0.0,0.0,278.3,11.2,1013.0,0.0
2021-04-15,9.8,4.4,17.2,0.0,0.0,322.7,13.3,1015.7,0.0
2021-04-16,11.7,5.6,17.2,0.0,0.0,152.9,10.4,1019.8,0.0
2021-04-17,11.6,3.9,19.4,0.0,0.0,161.6,10.4,1023.7,0.0
2021-04-18,13.5,4.4,23.9,0.0,0.0,325.7,11.2,1020.2,0.0
2021-04-19,14.4,6.1,18.3,0.0,0.0,327.3,22.3,1016.0,0.0
2021-04-20,9.4,1.1,16.1,0.0,0.0,167.5,10.8,1019.7,0.0
2021-04-21,10.6,3.3,18.9,0.0,0.0,259.0,13.7,1013.5,0.0
2021-04-22,12.1,1.7,20.6,0.0,0.0,329.4,10.1,1007.2,0.0
2021-04-23,12.3,3.3,18.9,0.0,0.0,306.0,9.4,1009.8,0.0
2021-04-24,12.9,8.9,15.6,13.5,0.0,145.3,12.6,1005.7,1.0
2021-04-25,9.2,6.1,13.3,1.8,0.0,196.2,6.8,1006.3,1.0
2021-04-26,8.0,4.4,8.3,9.1,0.0,307.2,10.8,1007.8,1.0
2021-04-27,7.1,2.8,16.7,0.0,0.0,299.9,6.8,1016.5,0.0
2021-04-28,12.4,5.0,21.7,0.0,0.0,324.3,14.0,1022.8,0.0
2021-04-29,17.0,8.9,27.8,0.0,0.0,115.1,7.9,1023.4,0.0
2021-04-30,20.6,11.7,28.3,0.0,0.0,9.2,11.5,1016.3,0.0
2021-05-01,17.9,10.6,23.9,1.3,0.0,311.4,15.5,1009.9,1.0
2021-05-02,12.8,7.8,17.8,0.0,0.0,304.5,26.6,1012.7,0.0
2021-05-03,11.6,4.4,19.4,0.0,0.0,303.5,7.9,1017.2,0.0
2021-05-04,14.0,6.1,21.1,0.0,0.0,299.8,13.0,1016.9,0.0
2021-05-05,15.1,6.1,25.0,0.0,0.0,142.3,11.9,1019.5,0.0
2021-05-06,20.4,11.7,32.2,0.0,0.0,155.5,20.5,1011.4,0.0
2021-05-07,18.7,8.3,21.1,0.0,0.0,324.3,26.6,1012.8,0.0
2021-05-08,9.8,2.8,15.6,0.0,0.0,317.6,16.2,1021.7,0.0
2021-05-09,9.9,2.2,17.2,0.0,0.0,304.6,14.0,1019.1,0.0
2021-05-10,11.3,3.3,19.4,0.0,0.0,328.7,14.0,1017.8,0.0
2021-05-11,13.1,5.0,21.1,0.0,0.0,170.8,11.2,1019.2,0.0
2021-05-12,16.4,7.8,27.8,0.0,0.0,127.5,11.2,1017.0,0.0
2021-05-13,20.7,11.7,27.8,0.0,0.0,356.9,8.6,1014.6,0.0
2021-05-14,19.0,11.7,27.2,0.0,0.0,330.3,10.8,1012.0,0.0
2021-05-15,18.3,11.1,25.0,0.0,0.0,314.1,7.9,1009.8,0.0
2021-05-16,19.6,10.6,29.4,0.0,0.0,320.0,11.9,1008.6,0.0
2021-05-17,22.3,14.4,30.0,0.0,0.0,241.0,12.2,1010.2,0.0
2021-05-18,20.3,12.2,22.8,0.0,0.0,315.0,18.4,1010.4,0.0
2021-05-19,13.8,7.8,16.1,0.0,0.0,312.4,22.0,1009.1,0.0
2021-05-20,10.3,4.4,17.2,0.0,0.0,307.8,22.3,1008.0,0.0
2021-05-21,9.8,5.6,12.8,0.8,0.0,301.6,14.0,1009.4,1.0
2021-05-22,9.2,5.6,13.9,11.4,0.0,288.9,10.4,1014.5,1.0
2021-05-23,9.6,5.6,17.2,0.0,0.0,269.0,9.4,1014.5,0.0
2021-05-24,13.7,10.0,20.6,0.3,0.0,74.2,12.6,1016.7,1.0
2021-05-25,13.7,8.3,18.9,5.8,0.0,311.7,9.4,1016.2,1.0
2021-05-26,12.8,8.9,21.7,0.0,0.0,288.4,6.5,1019.5,0.0
2021-05-27,18.2,11.1,27.8,0.0,0.0,132.8,13.3,1014.4,0.0
2021-05-28,17.6,10.6,21.1,0.0,0.0,310.6,18.4,1017.6,0.0
2021-05-29,15.7,7.8,25.0,0.0,0.0,262.2,11.5,1016.8,0.0
2021-05-30,18.8,8.9,28.3,0.0,0.0,224.5,9.0,1015.9,0.0
2021-05-31,20.9,11.7,30.6,0.0,0.0,334.4,9.0,1016.6,0.0
2021-06-01,23.1,13.9,32.2,0.0,0.0,217.9,8.6,1017.4,0.0
2021-06-02,25.6,17.2,35.6,0.0,0.0,216.8,9.4,1010.1,0.0
2021-06-03,28.2,17.8,39.4,0.0,0.0,214.1,14.0,1010.6,0.0
2021-06-04,27.9,18.9,34.4,0.0,0.0,300.4,12.2,1007.6,0.0
2021-06-05,25.3,16.1,30.0,0.0,0.0,316.9,22.0,1007.3,0.0
2021-06-06,18.3,9.4,25.0,0.0,0.0,319.1,15.5,1009.0,0.0
2021-06-07,17.4,8.3,26.7,0.0,0.0,310.6,11.9,1006.7,0.0
2021-06-08,18.8,12.2,27.2,0.0,0.0,312.1,13.7,1006.1,0.0
2021-06-09,20.0,13.3,26.1,0.0,0.0,302.9,22.3,1009.3,0.0
2021-06-10,14.2,7.2,17.2,19.6,0.0,268.7,18.4,1016.1,1.0
2021-06-11,15.9,10.6,25.6,0.0,0.0,123.3,19.8,1015.5,0.0
2021-06-12,21.4,16.1,28.3,0.0,0.0,315.4,10.1,1013.2,0.0
2021-06-13,25.3,17.8,36.1,0.0,0.0,138.7,13.3,1007.2,0.0
2021-06-14,27.2,18.3,34.4,0.0,0.0,291.9,11.2,1008.1,0.0
2021-06-15,24.7,16.1,31.7,0.0,0.0,315.1,15.1,1013.1,0.0
2021-06-16,19.8,11.1,27.8,0.0,0.0,317.7,15.1,1019.8,0.0
2021-06-17,21.9,12.8,32.8,0.0,0.0,292.5,12.2,1015.4,0.0
2021-06-18,24.8,14.4,36.1,0.0,0.0,284.6,9.4,1013.5,0.0
2021-06-19,26.2,15.6,35.0,0.0,0.0,310.9,14.0,1008.1,0.0
2021-06-20,25.9,17.2,32.8,0.0,0.0,303.8,16.6,1009.8,0.0
2021-06-21,26.4,17.8,35.6,0.0,0.0,154.6,10.4,1010.4,0.0
2021-06-22,29.2,20.6,36.7,0.0,0.0,304.5,19.4,1005.8,0.0
2021-06-23,24.1,15.6,33.3,0.0,0.0,282.9,11.5,1010.0,0.0
2021-06-24,25.7,17.2,35.0,0.0,0.0,317.6,14.8,1010.2,0.0
2021-06-25,26.6,16.1,34.4,0.0,0.0,311.1,15.5,1014.1,0.0
2021-06-26,27.1,18.3,35.0,0.0,0.0,252.7,8.6,1017.0,0.0
2021-06-27,29.2,21.1,37.2,0.0,0.0,165.7,11.5,1013.7,0.0
2021-06-28,31.0,22.2,39.4,0.0,0.0,145.1,13.0,1010.9,0.0
2021-06-29,32.4,23.3,40.6,0.0,0.0,146.8,10.8,1008.0,0.0
2021-06-30,33.9,25.6,40.0,0.0,0.0,139.1,18.4,1006.5,0.0
2021-07-01,32.1,22.2,39.4,0.0,0.0,122.1,16.2,1011.1,0.0
2021-07-02,29.9,22.2,38.9,0.0,0.0,133.6,10.4,1008.5,0.0
2021-07-03,31.4,22.2,39.4,0.0,0.0,118.4,11.9,1008.2,0.0
2021-07-04,31.2,23.3,38.3,0.0,0.0,187.8,10.1,1008.5,0.0
2021-07-05,30.4,23.3,38.3,0.0,0.0,144.8,11.9,1011.0,0.0
2021-07-06,31.1,21.7,41.7,0.0,0.0,120.7,12.6,1010.1,0.0
2021-07-07,33.2,26.1,37.2,0.0,0.0,304.5,16.9,1006.2,0.0
2021-07-08,28.1,17.8,37.2,0.0,0.0,295.4,9.4,1008.5,0.0
2021-07-09,27.7,17.8,35.0,0.0,0.0,306.5,10.8,1013.6,0.0
2021-07-10,29.1,20.6,40.0,0.0,0.0,144.7,9.0,1013.7,0.0
2021-07-11,30.2,21.7,36.7,0.0,0.0,268.3,10.8,1011.1,0.0
2021-07-12,28.4,18.9,38.9,0.0,0.0,272.6,10.4,1009.2,0.0
2021-07-13,28.6,19.4,36.1,0.0,0.0,303.2,10.8,1008.6,0.0
2021-07-14,28.4,19.4,37.2,0.0,0.0,200.9,10.8,1009.1,0.0
2021-07-15,29.3,21.1,36.7,0.0,0.0,304.0,11.2,1006.6,0.0
2021-07-16,26.9,17.2,35.6,0.0,0.0,283.3,8.3,1008.0,0.0
2021-07-17,26.5,16.7,36.7,0.0,0.0,272.9,9.4,1010.8,0.0
2021-07-18,28.3,19.4,38.3,0.0,0.0,232.5,8.6,1012.7,0.0
2021-07-19,31.3,26.7,36.1,0.0,0.0,131.0,14.0,1012.4,0.0
2021-07-20,28.5,22.8,33.3,1.3,0.0,104.9,13.0,1012.7,1.0
2021-07-21,27.1,20.0,35.0,0.3,0.0,318.5,13.3,1010.0,1.0
2021-07-22,24.7,15.6,32.8,0.0,0.0,304.2,10.4,1015.2,0.0
2021-07-23,24.7,15.6,33.9,0.0,0.0,287.6,9.0,1016.0,0.0
2021-07-24,25.8,15.6,35.0,0.0,0.0,276.3,7.2,1015.0,0.0
2021-07-25,26.6,18.3,36.7,0.0,0.0,270.7,7.9,1011.4,0.0
2021-07-26,29.4,21.1,38.9,0.0,0.0,159.5,13.0,1008.5,0.0
2021-07-27,28.7,21.7,37.8,0.0,0.0,292.9,10.8,1013.3,0.0
2021-07-28,28.2,21.7,36.1,0.8,0.0,303.9,10.8,1014.9,1.0
2021-07-29,29.2,21.1,37.2,0.0,0.0,278.0,11.9,1013.7,0.0
2021-07-30,31.2,25.0,37.8,0.0,0.0,157.8,15.5,1012.2,0.0
2021-07-31,30.0,20.6,35.6,21.1,0.0,129.4,15.8,1018.7,1.0
2021-08-01,24.2,20.6,27.8,3.6,0.0,129.5,6.8,1018.0,1.0
2021-08-02,25.1,20.0,33.9,0.0,0.0,182.9,8.3,1018.3,0.0
2021-08-03,27.9,20.6,35.6,0.0,0.0,146.8,10.1,1016.6,0.0
2021-08-04,28.9,19.4,40.6,0.0,0.0,125.7,12.6,1012.0,0.0
2021-08-05,30.1,21.7,36.1,0.0,0.0,307.7,13.0,1007.0,0.0
2021-08-06,25.0,19.4,27.8,0.0,0.0,312.8,15.5,1011.8,0.0
2021-08-07,24.1,16.1,34.4,0.0,0.0,110.1,11.5,1011.5,0.0
2021-08-08,26.3,18.3,30.6,0.0,0.0,319.3,18.0,1007.4,0.0
2021-08-09,20.4,11.7,28.3,0.0,0.0,294.9,10.4,1015.4,0.0
2021-08-10,22.8,14.4,33.9,0.0,0.0,165.7,10.4,1017.8,0.0
2021-08-11,26.3,16.7,36.7,0.0,0.0,283.9,12.2,1013.3,0.0
2021-08-12,28.6,19.4,37.8,0.0,0.0,249.2,8.6,1012.0,0.0
2021-08-13,28.6,18.9,36.7,0.0,0.0,250.3,8.6,1013.7,0.0
2021-08-14,27.6,19.4,36.1,0.0,0.0,301.2,8.6,1019.2,0.0
2021-08-15,27.6,18.9,36.7,0.0,0.0,229.8,9.7,1017.8,0.0
2021-08-16,28.7,20.0,36.1,0.0,0.0,58.9,11.5,1006.7,0.0
2021-08-17,25.4,15.6,27.8,0.0,0.0,309.2,17.3,1003.2,0.0
2021-08-18,18.6,11.7,25.0,0.0,0.0,295.0,19.1,1011.2,0.0
2021-08-19,18.2,11.1,26.7,0.0,0.0,304.4,14.8,1012.1,0.0
2021-08-20,20.8,13.3,29.4,0.0,0.0,138.3,13.0,1010.2,0.0
2021-08-21,21.9,13.9,25.0,1.3,0.0,292.7,13.3,1004.0,1.0
2021-08-22,19.0,11.1,28.9,0.0,0.0,127.4,12.2,1008.7,0.0
2021-08-23,21.4,13.3,27.8,0.0,0.0,3.7,12.2,1007.7,0.0
2021-08-24,18.3,10.0,27.8,0.0,0.0,291.8,7.6,1012.2,0.0
2021-08-25,20.8,13.3,30.0,0.0,0.0,62.9,9.0,1014.5,0.0
2021-08-26,21.8,15.0,28.9,0.0,0.0,277.5,9.4,1013.1,0.0
2021-08-27,20.2,12.2,26.7,0.0,0.0,311.3,10.4,1015.4,0.0
2021-08-28,19.5,10.6,28.3,0.0,0.0,280.1,7.6,1017.6,0.0
2021-08-29,22.0,13.9,32.8,0.0,0.0,135.5,8.3,1011.8,0.0
2021-08-30,24.1,15.6,31.7,0.0,0.0,70.3,9.7,1006.0,0.0
2021-08-31,21.2,12.2,27.2,0.0,0.0,311.5,10.8,1006.3,0.0
2021-09-01,18.0,8.3,26.7,0.0,0.0,314.8,9.4,1008.4,0.0
2021-09-02,17.3,8.3,26.7,0.0,0.0,317.3,9.7,1012.2,0.0
2021-09-03,17.9,8.3,27.8,0.0,0.0,288.8,7.6,1018.2,0.0
2021-09-04,20.1,10.6,32.2,0.0,0.0,129.3,8.3,1015.5,0.0
2021-09-05,23.1,12.8,33.9,0.0,0.0,121.6,7.9,1014.2,0.0
2021-09-06,23.7,13.3,32.8,0.0,0.0,56.0,9.7,1015.0,0.0
2021-09-07,24.2,15.6,34.4,0.0,0.0,174.0,9.4,1015.9,0.0
2021-09-08,25.3,16.7,33.9,0.0,0.0,124.6,10.8,1016.0,0.0
2021-09-09,25.5,17.8,36.7,0.0,0.0,125.5,10.1,1013.8,0.0
